session_id,variant,converted
1,A,0
2,A,1
3,A,0
4,A,1
5,B,0
6,B,0
7,B,0
8,A,0
9,A,0
10,B,0
11,B,0
12,A,0
13,A,0
14,B,0
15,B,0
16,A,0
17,A,0
18,B,0
19,A,0
20,B,0
21,A,0
22,B,0
23,B,1
24,A,0
25,A,0
26,A,1
27,A,1
28,B,0
29,B,0
30,A,0
31,B,0
32,B,0
33,A,0
34,B,0
35,A,0
36,B,0
37,B,0
38,A,1
39,A,0
40,B,0
41,B,0
42,A,0
43,A,0
44,B,0
45,B,0
46,A,0
47,A,0
48,B,0
49,A,0
50,A,0
51,A,0
52,A,0
53,A,0
54,B,0
55,B,1
56,A,0
57,A,0
58,B,0
59,A,0
60,B,0
61,B,0
62,A,0
63,B,0
64,A,0
65,A,0
66,A,0
67,A,0
68,B,0
69,A,0
70,B,1
71,A,0
72,B,0
73,B,0
74,B,0
75,A,0
76,B,1
77,B,0
78,A,0
79,A,0
80,A,0
81,A,0
82,A,0
83,A,0
84,B,0
85,B,0
86,B,0
87,A,0
88,B,1
89,B,0
90,B,0
91,B,0
92,B,0
93,B,0
94,B,0
95,B,1
96,A,0
97,A,0
98,A,0
99,B,0
100,B,0
101,B,0
102,A,0
103,A,1
104,A,0
105,A,0
106,A,0
107,B,0
108,A,1
109,B,0
110,A,0
111,A,0
112,A,0
113,A,0
114,A,0
115,B,0
116,A,0
117,B,0
118,B,0
119,A,0
120,A,0
121,A,0
122,A,0
123,B,0
124,A,0
125,B,0
126,B,0
127,B,1
128,B,0
129,B,0
130,B,0
131,A,0
132,B,1
133,B,0
134,A,0
135,B,0
136,B,0
137,A,0
138,A,0
139,B,0
140,B,0
141,B,0
142,A,0
143,B,0
144,A,0
145,B,0
146,A,0
147,B,0
148,A,0
149,B,0
150,B,0
151,B,0
152,A,0
153,A,0
154,B,0
155,A,0
156,A,0
157,A,1
158,A,1
159,A,0
160,B,0
161,B,1
162,A,0
163,B,0
164,B,1
165,B,0
166,A,0
167,A,0
168,A,0
169,B,0
170,A,0
171,A,0
172,A,0
173,B,0
174,A,0
175,B,0
176,B,0
177,A,0
178,A,0
179,A,0
180,B,0
181,B,0
182,B,0
183,B,0
184,B,0
185,A,1
186,B,0
187,B,0
188,A,0
189,A,0
190,B,1
191,B,0
192,A,0
193,A,0
194,A,0
195,B,0
196,B,0
197,B,0
198,A,0
199,A,0
200,B,0
201,A,0
202,A,0
203,A,1
204,B,0
205,A,1
206,A,0
207,B,1
208,B,1
209,B,0
210,A,0
211,B,0
212,A,0
213,B,0
214,A,0
215,B,0
216,B,0
217,B,0
218,B,1
219,A,0
220,B,1
221,B,0
222,B,0
223,A,0
224,B,0
225,B,0
226,A,0
227,A,0
228,B,0
229,B,0
230,B,0
231,A,0
232,B,0
233,A,0
234,B,0
235,B,0
236,B,0
237,A,0
238,B,0
239,A,1
240,B,0
241,A,0
242,B,0
243,B,0
244,A,0
245,A,0
246,A,1
247,A,0
248,A,0
249,A,0
250,A,0
251,B,0
252,A,0
253,A,1
254,A,0
255,A,0
256,B,0
257,B,0
258,B,0
259,A,0
260,A,0
261,A,0
262,A,0
263,B,0
264,B,0
265,B,0
266,B,1
267,B,1
268,B,0
269,B,0
270,B,0
271,B,0
272,A,0
273,B,0
274,A,0
275,A,0
276,B,0
277,A,1
278,B,0
279,A,1
280,A,0
281,B,0
282,A,0
283,A,0
284,A,0
285,A,0
286,A,0
287,A,0
288,B,0
289,A,0
290,A,0
291,B,0
292,B,0
293,A,0
294,A,0
295,B,0
296,A,0
297,A,0
298,A,0
299,A,0
300,B,0
301,B,0
302,B,0
303,A,0
304,A,0
305,A,0
306,B,0
307,A,0
308,A,0
309,B,0
310,A,0
311,B,0
312,B,0
313,A,0
314,B,0
315,A,0
316,A,0
317,B,1
318,B,0
319,B,1
320,A,0
321,B,0
322,A,0
323,A,1
324,A,0
325,B,1
326,A,1
327,B,0
328,A,0
329,A,0
330,B,0
331,A,0
332,A,0
333,B,0
334,B,0
335,A,0
336,A,0
337,B,0
338,A,0
339,B,0
340,A,0
341,B,0
342,A,0
343,A,0
344,A,0
345,A,0
346,B,0
347,A,1
348,B,0
349,A,1
350,A,0
351,B,0
352,A,0
353,A,0
354,B,0
355,B,0
356,A,0
357,A,0
358,A,0
359,B,0
360,B,1
361,B,0
362,A,0
363,B,0
364,B,0
365,A,0
366,B,0
367,A,0
368,B,0
369,B,0
370,B,0
371,A,0
372,A,1
373,A,0
374,A,0
375,B,0
376,A,0
377,B,0
378,B,0
379,A,0
380,B,0
381,A,0
382,B,0
383,B,0
384,B,0
385,B,0
386,B,0
387,B,0
388,B,1
389,B,0
390,A,0
391,A,0
392,A,0
393,B,0
394,B,0
395,B,0
396,A,0
397,A,0
398,B,1
399,A,0
400,B,0
401,B,0
402,B,0
403,B,0
404,B,0
405,B,0
406,A,0
407,B,0
408,B,0
409,A,0
410,B,0
411,A,0
412,A,0
413,A,0
414,B,0
415,A,1
416,B,0
417,B,0
418,A,0
419,B,0
420,A,0
421,A,0
422,A,0
423,A,0
424,A,0
425,A,0
426,A,1
427,A,0
428,A,0
429,A,0
430,B,0
431,A,0
432,A,0
433,B,0
434,B,1
435,A,0
436,B,0
437,B,0
438,A,0
439,B,0
440,A,1
441,B,0
442,B,0
443,B,0
444,B,0
445,A,1
446,B,0
447,B,0
448,A,0
449,A,0
450,B,0
451,B,0
452,A,0
453,B,0
454,A,0
455,A,0
456,A,0
457,A,0
458,B,0
459,B,0
460,A,0
461,B,1
462,B,1
463,A,0
464,A,0
465,B,0
466,B,0
467,B,0
468,A,1
469,B,0
470,B,1
471,B,0
472,A,0
473,A,0
474,B,1
475,A,0
476,B,0
477,B,0
478,B,0
479,B,0
480,A,0
481,A,0
482,A,0
483,B,0
484,B,0
485,A,0
486,B,0
487,A,0
488,B,0
489,A,0
490,A,0
491,B,0
492,A,0
493,A,0
494,B,1
495,A,0
496,A,0
497,A,0
498,A,1
499,B,1
500,A,0
501,B,0
502,A,0
503,A,0
504,B,0
505,B,0
506,A,0
507,B,0
508,A,0
509,A,1
510,B,0
511,A,0
512,B,1
513,B,0
514,A,0
515,A,0
516,A,1
517,A,0
518,B,0
519,B,0
520,A,1
521,B,0
522,B,0
523,B,0
524,B,0
525,A,0
526,B,1
527,A,0
528,A,0
529,A,0
530,A,0
531,A,0
532,B,0
533,B,0
534,B,0
535,B,0
536,B,0
537,B,0
538,A,0
539,A,0
540,B,0
541,B,1
542,A,0
543,B,1
544,A,0
545,A,0
546,B,0
547,A,1
548,A,0
549,B,0
550,B,1
551,A,0
552,B,0
553,A,0
554,A,0
555,A,0
556,A,0
557,B,0
558,A,0
559,B,0
560,B,0
561,A,0
562,A,0
563,A,0
564,B,0
565,B,0
566,A,0
567,B,0
568,A,0
569,B,0
570,B,0
571,A,0
572,B,0
573,B,0
574,A,0
575,A,0
576,B,1
577,A,0
578,B,0
579,A,0
580,B,0
581,A,0
582,B,0
583,B,1
584,A,0
585,A,0
586,B,0
587,B,1
588,B,0
589,A,0
590,A,1
591,A,0
592,A,0
593,A,0
594,A,0
595,A,0
596,B,0
597,B,0
598,A,1
599,A,0
600,A,0
601,A,0
602,A,0
603,A,0
604,A,0
605,B,0
606,A,0
607,B,0
608,B,0
609,B,0
610,B,0
611,B,0
612,B,0
613,A,0
614,A,0
615,B,0
616,B,0
617,B,0
618,A,0
619,A,0
620,A,0
621,A,1
622,B,0
623,B,0
624,B,0
625,A,0
626,B,0
627,A,0
628,A,0
629,A,0
630,A,0
631,A,1
632,B,0
633,B,0
634,B,0
635,A,0
636,A,0
637,A,0
638,A,0
639,B,0
640,A,0
641,B,0
642,A,0
643,B,1
644,B,0
645,B,0
646,A,0
647,B,0
648,B,1
649,B,1
650,B,0
651,B,0
652,B,0
653,B,0
654,B,1
655,B,0
656,B,0
657,B,0
658,B,0
659,A,0
660,A,0
661,A,0
662,B,1
663,B,0
664,A,1
665,A,1
666,A,0
667,B,0
668,A,0
669,A,0
670,B,0
671,A,0
672,A,0
673,B,0
674,B,0
675,B,1
676,B,1
677,A,0
678,B,0
679,B,0
680,A,0
681,A,0
682,B,0
683,A,0
684,B,0
685,A,0
686,B,0
687,B,1
688,A,1
689,B,0
690,B,1
691,A,0
692,B,0
693,A,0
694,A,0
695,A,0
696,B,0
697,B,0
698,B,0
699,A,0
700,B,0
701,A,0
702,A,0
703,A,0
704,B,0
705,A,0
706,A,0
707,A,1
708,B,1
709,A,1
710,B,0
711,A,0
712,A,0
713,B,0
714,B,1
715,B,0
716,B,1
717,B,0
718,A,0
719,A,0
720,A,0
721,A,1
722,B,0
723,B,0
724,A,0
725,A,0
726,A,0
727,A,0
728,A,1
729,B,0
730,B,0
731,B,0
732,B,1
733,B,0
734,B,0
735,A,0
736,A,0
737,A,0
738,B,0
739,B,0
740,B,1
741,A,0
742,A,0
743,A,0
744,A,1
745,B,0
746,A,0
747,A,0
748,A,0
749,A,0
750,B,0
751,B,0
752,A,0
753,B,1
754,B,0
755,B,0
756,B,0
757,A,0
758,A,0
759,B,0
760,A,0
761,A,0
762,B,0
763,B,0
764,B,0
765,A,0
766,B,0
767,A,0
768,B,0
769,B,0
770,B,0
771,B,0
772,B,1
773,B,0
774,A,0
775,A,0
776,B,0
777,B,0
778,A,0
779,A,1
780,A,0
781,A,0
782,A,0
783,A,0
784,A,0
785,A,0
786,B,0
787,B,0
788,A,0
789,A,0
790,B,0
791,B,0
792,A,0
793,B,0
794,B,0
795,B,0
796,B,0
797,B,0
798,A,0
799,A,0
800,B,0
801,A,0
802,B,0
803,A,0
804,A,0
805,A,0
806,B,0
807,A,0
808,A,0
809,B,0
810,B,0
811,B,1
812,A,0
813,B,0
814,B,0
815,A,0
816,A,0
817,B,0
818,B,0
819,B,0
820,A,0
821,A,0
822,B,0
823,A,0
824,A,1
825,B,0
826,A,0
827,B,0
828,A,0
829,B,0
830,B,0
831,A,0
832,A,0
833,B,0
834,B,0
835,B,0
836,B,0
837,B,0
838,A,0
839,A,1
840,A,0
841,A,0
842,A,0
843,B,0
844,B,0
845,A,0
846,A,0
847,A,0
848,A,0
849,B,0
850,B,0
851,B,0
852,A,0
853,A,0
854,B,0
855,A,0
856,A,0
857,A,0
858,B,0
859,B,0
860,A,0
861,A,0
862,A,0
863,A,0
864,B,0
865,B,0
866,B,0
867,A,0
868,B,0
869,B,1
870,A,0
871,B,0
872,B,0
873,A,0
874,A,0
875,B,1
876,A,0
877,A,0
878,A,0
879,B,1
880,A,0
881,B,0
882,A,0
883,B,0
884,B,0
885,B,0
886,A,0
887,A,0
888,A,0
889,A,0
890,A,0
891,B,0
892,B,0
893,B,0
894,B,0
895,A,0
896,B,0
897,A,0
898,A,1
899,B,0
900,A,0
901,B,0
902,A,0
903,B,0
904,B,0
905,A,0
906,A,1
907,B,0
908,A,0
909,B,0
910,A,0
911,A,0
912,B,0
913,B,0
914,B,0
915,B,0
916,A,0
917,A,0
918,B,0
919,A,0
920,B,0
921,A,0
922,A,0
923,A,0
924,B,0
925,A,0
926,B,0
927,B,1
928,A,0
929,A,1
930,B,0
931,A,0
932,A,1
933,A,0
934,A,0
935,B,0
936,B,1
937,A,0
938,A,0
939,A,0
940,B,0
941,A,0
942,B,0
943,B,0
944,A,0
945,A,0
946,B,0
947,B,0
948,B,0
949,B,1
950,A,0
951,B,0
952,A,0
953,A,0
954,A,0
955,A,0
956,A,0
957,A,0
958,B,0
959,B,0
960,A,0
961,A,0
962,B,1
963,A,0
964,A,0
965,A,0
966,A,0
967,B,0
968,A,1
969,B,0
970,B,0
971,A,0
972,A,0
973,A,0
974,A,0
975,B,1
976,A,0
977,B,1
978,A,0
979,B,0
980,A,1
981,A,0
982,B,0
983,A,0
984,B,1
985,B,0
986,A,0
987,A,0
988,A,0
989,A,0
990,A,0
991,A,0
992,A,0
993,A,0
994,A,0
995,B,0
996,B,0
997,A,0
998,A,0
999,A,0
1000,B,0
1001,B,0
1002,B,0
1003,A,0
1004,B,0
1005,B,0
1006,B,0
1007,B,0
1008,A,1
1009,B,0
1010,A,0
1011,B,0
1012,A,0
1013,A,0
1014,A,0
1015,A,0
1016,A,0
1017,A,0
1018,A,0
1019,A,0
1020,A,0
1021,B,1
1022,A,0
1023,A,0
1024,A,0
1025,B,0
1026,B,0
1027,B,0
1028,A,0
1029,A,0
1030,B,0
1031,B,0
1032,A,0
1033,A,0
1034,A,0
1035,B,0
1036,B,0
1037,B,0
1038,B,0
1039,B,0
1040,A,0
1041,A,0
1042,B,0
1043,A,0
1044,A,0
1045,A,0
1046,A,1
1047,B,0
1048,A,0
1049,B,0
1050,B,0
1051,A,0
1052,A,0
1053,A,0
1054,A,0
1055,B,0
1056,B,0
1057,A,0
1058,A,0
1059,B,0
1060,B,0
1061,B,0
1062,A,0
1063,A,0
1064,A,0
1065,A,1
1066,A,0
1067,A,0
1068,B,0
1069,A,0
1070,B,0
1071,A,0
1072,B,0
1073,B,1
1074,A,0
1075,A,0
1076,B,0
1077,B,0
1078,A,0
1079,A,0
1080,B,0
1081,A,0
1082,A,0
1083,A,0
1084,A,1
1085,B,1
1086,B,0
1087,B,1
1088,A,0
1089,B,0
1090,A,0
1091,A,0
1092,A,1
1093,A,0
1094,B,0
1095,A,1
1096,B,0
1097,A,0
1098,A,0
1099,B,0
1100,B,0
1101,A,0
1102,B,0
1103,A,0
1104,A,0
1105,A,0
1106,B,0
1107,A,0
1108,B,0
1109,A,1
1110,B,0
1111,B,0
1112,A,0
1113,B,0
1114,B,0
1115,B,0
1116,B,1
1117,A,0
1118,A,0
1119,B,0
1120,A,0
1121,A,1
1122,A,0
1123,B,0
1124,A,0
1125,B,0
1126,A,0
1127,B,0
1128,A,0
1129,A,0
1130,B,1
1131,B,1
1132,B,0
1133,B,0
1134,A,0
1135,B,0
1136,B,1
1137,A,1
1138,A,0
1139,B,1
1140,A,0
1141,B,0
1142,A,0
1143,A,0
1144,A,0
1145,B,0
1146,B,0
1147,A,0
1148,A,0
1149,B,0
1150,A,1
1151,A,0
1152,B,0
1153,B,0
1154,B,1
1155,A,0
1156,A,0
1157,B,0
1158,A,0
1159,B,0
1160,B,0
1161,A,0
1162,B,1
1163,B,0
1164,B,0
1165,B,0
1166,B,0
1167,B,0
1168,A,0
1169,B,0
1170,B,0
1171,A,0
1172,A,0
1173,A,0
1174,A,0
1175,B,0
1176,B,0
1177,A,0
1178,A,0
1179,B,0
1180,A,0
1181,A,0
1182,A,0
1183,B,0
1184,A,0
1185,A,0
1186,B,0
1187,B,1
1188,B,0
1189,A,0
1190,A,0
1191,B,0
1192,B,0
1193,B,0
1194,B,0
1195,A,0
1196,B,0
1197,A,1
1198,B,0
1199,A,0
1200,A,0
1201,B,0
1202,B,0
1203,B,0
1204,A,0
1205,A,0
1206,A,0
1207,B,0
1208,B,0
1209,B,0
1210,B,0
1211,A,0
1212,A,0
1213,A,0
1214,A,0
1215,B,0
1216,A,0
1217,B,0
1218,B,0
1219,A,0
1220,A,0
1221,A,0
1222,B,0
1223,B,1
1224,A,0
1225,A,0
1226,B,0
1227,B,0
1228,A,0
1229,A,0
1230,A,0
1231,B,0
1232,A,0
1233,A,0
1234,A,0
1235,B,0
1236,B,0
1237,B,0
1238,A,0
1239,A,0
1240,A,0
1241,A,0
1242,A,1
1243,A,0
1244,A,1
1245,B,0
1246,A,0
1247,A,0
1248,B,0
1249,B,1
1250,B,0
1251,A,0
1252,A,0
1253,B,0
1254,A,0
1255,B,0
1256,B,0
1257,B,0
1258,B,0
1259,A,0
1260,B,0
1261,A,1
1262,A,1
1263,B,0
1264,A,0
1265,B,0
1266,B,0
1267,B,0
1268,A,0
1269,A,0
1270,B,0
1271,A,0
1272,B,1
1273,A,1
1274,B,1
1275,A,0
1276,B,0
1277,B,0
1278,B,0
1279,A,0
1280,B,0
1281,A,0
1282,A,0
1283,A,0
1284,A,0
1285,A,0
1286,A,0
1287,A,0
1288,B,0
1289,A,0
1290,A,0
1291,A,0
1292,A,0
1293,A,0
1294,A,0
1295,B,0
1296,A,0
1297,A,0
1298,A,0
1299,B,0
1300,A,0
1301,B,0
1302,B,0
1303,A,0
1304,A,0
1305,A,0
1306,B,0
1307,A,0
1308,B,0
1309,B,0
1310,A,0
1311,B,0
1312,B,0
1313,A,0
1314,B,0
1315,A,0
1316,A,0
1317,B,0
1318,A,0
1319,B,1
1320,A,0
1321,A,0
1322,A,0
1323,B,0
1324,A,0
1325,A,1
1326,B,0
1327,B,0
1328,A,0
1329,B,0
1330,A,0
1331,B,0
1332,B,0
1333,A,0
1334,A,0
1335,A,0
1336,B,0
1337,A,0
1338,B,0
1339,A,0
1340,A,0
1341,A,0
1342,A,0
1343,A,0
1344,A,0
1345,A,0
1346,B,0
1347,B,0
1348,B,0
1349,B,0
1350,B,0
1351,A,0
1352,A,0
1353,B,0
1354,B,1
1355,B,0
1356,A,0
1357,B,0
1358,A,0
1359,B,0
1360,B,0
1361,B,0
1362,A,1
1363,B,0
1364,B,0
1365,B,0
1366,B,0
1367,B,0
1368,A,0
1369,A,0
1370,B,0
1371,A,0
1372,B,0
1373,B,0
1374,A,0
1375,A,0
1376,B,0
1377,B,0
1378,A,0
1379,B,0
1380,A,1
1381,B,0
1382,A,0
1383,B,0
1384,A,0
1385,B,0
1386,A,0
1387,B,0
1388,B,0
1389,B,0
1390,A,0
1391,B,1
1392,B,0
1393,A,0
1394,A,0
1395,B,0
1396,A,0
1397,B,0
1398,B,0
1399,B,0
1400,B,0
1401,B,0
1402,B,0
1403,B,0
1404,B,0
1405,B,0
1406,A,1
1407,B,0
1408,A,0
1409,B,0
1410,A,0
1411,B,0
1412,B,0
1413,B,0
1414,B,0
1415,A,0
1416,A,0
1417,B,0
1418,A,0
1419,A,0
1420,B,0
1421,A,0
1422,B,1
1423,A,0
1424,A,0
1425,A,0
1426,B,0
1427,B,0
1428,A,0
1429,A,0
1430,B,0
1431,A,0
1432,A,0
1433,A,0
1434,B,0
1435,B,0
1436,A,0
1437,B,1
1438,B,0
1439,A,0
1440,A,0
1441,B,0
1442,B,0
1443,A,0
1444,A,0
1445,B,0
1446,A,0
1447,B,0
1448,A,1
1449,A,0
1450,B,0
1451,B,0
1452,A,0
1453,B,0
1454,B,0
1455,A,0
1456,B,0
1457,A,0
1458,A,0
1459,A,0
1460,B,0
1461,B,0
1462,B,0
1463,B,0
1464,B,0
1465,A,1
1466,B,0
1467,B,0
1468,B,0
1469,A,1
1470,A,0
1471,A,0
1472,A,0
1473,A,0
1474,A,0
1475,A,0
1476,B,0
1477,B,0
1478,B,0
1479,B,0
1480,B,0
1481,B,0
1482,A,0
1483,B,0
1484,B,0
1485,A,0
1486,A,0
1487,A,0
1488,B,0
1489,A,0
1490,B,0
1491,A,0
1492,B,0
1493,B,0
1494,A,1
1495,A,0
1496,A,0
1497,A,0
1498,B,0
1499,A,0
1500,B,0
1501,B,0
1502,A,0
1503,A,0
1504,A,1
1505,A,0
1506,A,0
1507,B,1
1508,B,0
1509,A,0
1510,A,0
1511,A,0
1512,A,0
1513,A,0
1514,B,1
1515,B,0
1516,B,0
1517,B,0
1518,B,0
1519,B,0
1520,A,0
1521,B,1
1522,B,0
1523,B,0
1524,B,0
1525,A,1
1526,A,0
1527,A,0
1528,B,0
1529,A,0
1530,A,0
1531,B,0
1532,B,0
1533,A,0
1534,A,0
1535,B,0
1536,B,0
1537,A,0
1538,B,0
1539,B,0
1540,B,0
1541,A,0
1542,A,0
1543,B,0
1544,A,0
1545,A,0
1546,A,0
1547,A,0
1548,A,0
1549,B,0
1550,B,0
1551,A,0
1552,A,0
1553,B,0
1554,B,0
1555,B,0
1556,B,1
1557,B,0
1558,B,0
1559,A,0
1560,B,0
1561,B,1
1562,A,0
1563,A,0
1564,B,0
1565,B,0
1566,A,0
1567,A,1
1568,A,0
1569,B,0
1570,A,0
1571,A,0
1572,A,0
1573,B,0
1574,A,0
1575,B,0
1576,A,0
1577,B,1
1578,A,0
1579,B,0
1580,A,0
1581,A,0
1582,A,0
1583,B,0
1584,A,0
1585,A,0
1586,A,0
1587,B,0
1588,A,1
1589,A,0
1590,A,0
1591,B,0
1592,A,1
1593,A,0
1594,A,0
1595,A,0
1596,A,0
1597,A,0
1598,A,0
1599,A,0
1600,A,0
1601,A,0
1602,A,0
1603,B,1
1604,A,0
1605,B,0
1606,A,0
1607,A,0
1608,A,0
1609,B,0
1610,B,0
1611,B,0
1612,A,0
1613,B,1
1614,A,0
1615,A,0
1616,B,0
1617,A,0
1618,B,0
1619,A,0
1620,A,0
1621,B,0
1622,A,0
1623,A,0
1624,A,0
1625,A,0
1626,B,0
1627,A,0
1628,B,1
1629,B,0
1630,B,0
1631,B,0
1632,B,0
1633,B,0
1634,B,0
1635,B,0
1636,B,0
1637,B,1
1638,B,1
1639,B,0
1640,A,0
1641,A,1
1642,B,0
1643,B,0
1644,B,0
1645,B,0
1646,A,0
1647,B,0
1648,A,0
1649,A,0
1650,B,0
1651,B,0
1652,B,0
1653,A,0
1654,A,0
1655,A,0
1656,A,0
1657,A,0
1658,B,1
1659,A,0
1660,B,0
1661,B,0
1662,B,0
1663,A,1
1664,B,0
1665,B,0
1666,A,0
1667,B,0
1668,B,1
1669,B,0
1670,A,0
1671,B,0
1672,A,0
1673,B,0
1674,A,1
1675,B,1
1676,A,0
1677,A,0
1678,A,0
1679,A,0
1680,B,0
1681,A,0
1682,A,1
1683,A,0
1684,A,0
1685,B,0
1686,A,0
1687,B,0
1688,B,0
1689,B,0
1690,A,0
1691,A,0
1692,B,0
1693,A,0
1694,A,0
1695,B,0
1696,A,0
1697,B,0
1698,B,0
1699,A,0
1700,A,0
1701,A,0
1702,B,0
1703,A,0
1704,B,0
1705,A,0
1706,B,0
1707,A,0
1708,B,1
1709,B,0
1710,A,0
1711,B,0
1712,A,0
1713,A,0
1714,B,1
1715,A,0
1716,B,0
1717,B,0
1718,B,0
1719,A,0
1720,B,0
1721,A,0
1722,A,0
1723,A,0
1724,B,0
1725,B,0
1726,A,1
1727,A,0
1728,B,0
1729,B,0
1730,A,0
1731,A,0
1732,B,0
1733,A,0
1734,B,0
1735,A,0
1736,B,0
1737,B,0
1738,A,0
1739,B,0
1740,A,0
1741,A,0
1742,A,0
1743,B,0
1744,A,0
1745,B,0
1746,A,0
1747,B,0
1748,A,0
1749,A,0
1750,A,0
1751,A,0
1752,A,1
1753,B,0
1754,B,0
1755,A,0
1756,A,0
1757,B,0
1758,B,1
1759,A,0
1760,B,0
1761,B,0
1762,A,0
1763,A,0
1764,A,0
1765,B,0
1766,A,0
1767,B,0
1768,B,0
1769,B,0
1770,A,0
1771,B,0
1772,B,0
1773,B,0
1774,A,0
1775,A,0
1776,B,0
1777,A,0
1778,B,0
1779,B,0
1780,B,0
1781,A,0
1782,B,0
1783,A,0
1784,B,0
1785,B,0
1786,A,0
1787,A,0
1788,A,0
1789,B,1
1790,B,0
1791,B,0
1792,B,0
1793,B,0
1794,A,0
1795,B,0
1796,A,0
1797,A,0
1798,B,0
1799,B,0
1800,B,0
1801,B,0
1802,B,1
1803,B,1
1804,A,0
1805,A,0
1806,B,0
1807,B,0
1808,A,0
1809,B,0
1810,B,0
1811,B,1
1812,B,0
1813,A,0
1814,B,0
1815,B,0
1816,A,0
1817,A,0
1818,A,0
1819,A,0
1820,B,0
1821,B,0
1822,B,0
1823,A,0
1824,B,0
1825,B,1
1826,B,0
1827,A,0
1828,B,0
1829,B,0
1830,A,0
1831,B,0
1832,B,0
1833,B,0
1834,A,0
1835,A,0
1836,A,0
1837,A,0
1838,A,1
1839,A,0
1840,A,0
1841,A,0
1842,B,0
1843,A,0
1844,A,1
1845,A,0
1846,A,0
1847,B,0
1848,B,0
1849,A,0
1850,A,0
1851,A,0
1852,A,0
1853,B,0
1854,B,0
1855,B,0
1856,A,0
1857,A,0
1858,B,0
1859,A,0
1860,A,0
1861,A,0
1862,B,0
1863,B,1
1864,A,0
1865,A,0
1866,A,1
1867,A,0
1868,A,0
1869,B,0
1870,B,0
1871,A,0
1872,B,0
1873,A,0
1874,A,0
1875,B,0
1876,A,0
1877,B,0
1878,B,0
1879,B,1
1880,B,0
1881,A,0
1882,A,0
1883,A,0
1884,A,0
1885,B,0
1886,B,0
1887,A,0
1888,A,0
1889,B,0
1890,A,0
1891,A,0
1892,A,0
1893,A,0
1894,B,0
1895,B,0
1896,B,0
1897,A,0
1898,B,0
1899,A,0
1900,A,0
1901,A,0
1902,B,0
1903,A,0
1904,B,0
1905,B,0
1906,A,0
1907,B,1
1908,B,0
1909,B,0
1910,B,0
1911,A,0
1912,B,0
1913,A,0
1914,B,0
1915,A,0
1916,B,0
1917,B,1
1918,A,0
1919,A,1
1920,A,0
1921,A,0
1922,B,0
1923,A,0
1924,A,0
1925,B,0
1926,B,0
1927,B,0
1928,A,0
1929,A,0
1930,B,0
1931,A,0
1932,A,0
1933,B,0
1934,B,0
1935,A,1
1936,B,0
1937,A,0
1938,A,1
1939,A,0
1940,A,0
1941,B,0
1942,A,0
1943,B,0
1944,A,0
1945,A,0
1946,A,0
1947,A,0
1948,B,0
1949,A,0
1950,B,0
1951,B,0
1952,A,0
1953,A,1
1954,B,0
1955,A,0
1956,A,0
1957,A,0
1958,B,0
1959,B,0
1960,A,0
1961,B,0
1962,B,0
1963,B,0
1964,B,0
1965,A,0
1966,A,1
1967,A,0
1968,B,0
1969,A,0
1970,A,0
1971,B,0
1972,B,0
1973,A,0
1974,B,0
1975,A,0
1976,A,0
1977,A,0
1978,A,0
1979,A,0
1980,B,0
1981,B,0
1982,A,0
1983,A,0
1984,A,1
1985,B,0
1986,A,0
1987,A,0
1988,A,0
1989,B,0
1990,B,0
1991,B,0
1992,A,0
1993,B,0
1994,B,0
1995,A,1
1996,A,0
1997,A,0
1998,A,0
1999,B,1
2000,A,0
2001,B,0
2002,A,0
2003,A,0
2004,B,0
2005,A,0
2006,B,0
2007,A,0
2008,A,0
2009,A,0
2010,B,0
2011,B,0
2012,A,0
2013,A,0
2014,B,0
2015,B,0
2016,B,0
2017,A,0
2018,A,0
2019,A,0
2020,B,0
2021,A,0
2022,A,1
2023,A,1
2024,B,0
2025,A,0
2026,A,0
2027,B,0
2028,A,0
2029,A,0
2030,A,0
2031,B,0
2032,A,0
2033,A,0
2034,B,0
2035,B,0
2036,A,0
2037,B,0
2038,A,0
2039,B,1
2040,A,0
2041,B,1
2042,A,0
2043,B,0
2044,A,0
2045,A,0
2046,A,0
2047,A,0
2048,B,0
2049,A,0
2050,A,0
2051,A,1
2052,A,0
2053,B,0
2054,B,1
2055,B,0
2056,A,0
2057,A,0
2058,B,0
2059,B,0
2060,A,1
2061,A,0
2062,A,0
2063,B,0
2064,B,0
2065,A,0
2066,B,0
2067,B,0
2068,B,0
2069,A,0
2070,A,0
2071,B,0
2072,A,0
2073,A,0
2074,A,0
2075,B,1
2076,A,0
2077,A,0
2078,B,1
2079,A,0
2080,B,0
2081,B,0
2082,A,0
2083,B,1
2084,A,0
2085,A,0
2086,B,1
2087,A,0
2088,A,1
2089,A,0
2090,B,0
2091,A,0
2092,A,0
2093,B,0
2094,B,0
2095,A,0
2096,A,0
2097,B,0
2098,B,0
2099,A,0
2100,A,1
2101,A,0
2102,A,0
2103,A,0
2104,B,1
2105,A,0
2106,A,0
2107,B,0
2108,B,0
2109,B,0
2110,A,0
2111,A,0
2112,A,0
2113,A,0
2114,B,0
2115,A,1
2116,B,0
2117,B,0
2118,B,0
2119,B,0
2120,B,0
2121,A,1
2122,A,0
2123,A,0
2124,A,0
2125,A,0
2126,B,0
2127,B,0
2128,A,0
2129,B,0
2130,B,0
2131,A,0
2132,B,0
2133,A,0
2134,A,0
2135,A,0
2136,B,0
2137,A,0
2138,B,0
2139,A,0
2140,A,0
2141,A,1
2142,B,0
2143,B,0
2144,A,1
2145,A,0
2146,B,0
2147,B,0
2148,B,0
2149,B,0
2150,B,0
2151,B,0
2152,A,0
2153,B,0
2154,A,0
2155,B,0
2156,B,0
2157,B,0
2158,B,0
2159,B,0
2160,B,0
2161,A,0
2162,A,0
2163,A,1
2164,B,0
2165,A,0
2166,B,0
2167,A,0
2168,B,0
2169,B,0
2170,B,0
2171,A,0
2172,B,0
2173,A,0
2174,B,0
2175,B,0
2176,A,0
2177,B,0
2178,B,0
2179,A,0
2180,B,0
2181,B,0
2182,B,0
2183,A,0
2184,B,0
2185,B,0
2186,B,0
2187,B,0
2188,A,0
2189,B,0
2190,B,0
2191,B,0
2192,B,0
2193,B,0
2194,A,0
2195,A,0
2196,A,0
2197,A,0
2198,A,0
2199,B,1
2200,B,0
2201,A,0
2202,A,0
2203,B,0
2204,B,0
2205,A,0
2206,B,0
2207,B,0
2208,A,0
2209,B,0
2210,B,0
2211,A,0
2212,B,0
2213,A,0
2214,A,1
2215,A,0
2216,B,0
2217,A,0
2218,A,1
2219,B,0
2220,B,0
2221,B,0
2222,A,0
2223,A,0
2224,A,0
2225,A,0
2226,B,0
2227,B,0
2228,A,0
2229,B,0
2230,B,1
2231,B,1
2232,B,0
2233,A,0
2234,B,1
2235,A,0
2236,A,0
2237,B,0
2238,B,0
2239,B,0
2240,B,0
2241,B,0
2242,B,0
2243,A,0
2244,B,0
2245,A,0
2246,B,0
2247,B,0
2248,B,0
2249,A,0
2250,B,0
2251,B,0
2252,A,1
2253,B,0
2254,B,0
2255,A,0
2256,A,0
2257,B,0
2258,A,0
2259,A,0
2260,A,0
2261,A,0
2262,A,0
2263,B,0
2264,B,0
2265,A,0
2266,A,0
2267,B,1
2268,B,0
2269,A,0
2270,B,0
2271,A,0
2272,A,0
2273,B,0
2274,B,0
2275,A,0
2276,A,0
2277,A,0
2278,A,0
2279,B,0
2280,B,0
2281,A,0
2282,B,0
2283,A,0
2284,B,0
2285,B,0
2286,B,0
2287,B,0
2288,B,0
2289,B,0
2290,A,0
2291,B,0
2292,B,0
2293,B,0
2294,B,0
2295,A,1
2296,A,0
2297,A,0
2298,B,0
2299,B,0
2300,A,0
2301,B,0
2302,A,0
2303,B,0
2304,A,0
2305,B,0
2306,A,1
2307,A,0
2308,A,0
2309,B,0
2310,A,0
2311,A,0
2312,B,0
2313,A,0
2314,A,0
2315,A,0
2316,A,0
2317,B,0
2318,A,0
2319,B,0
2320,B,0
2321,B,0
2322,B,0
2323,B,0
2324,A,0
2325,B,0
2326,B,0
2327,A,0
2328,A,0
2329,A,0
2330,B,0
2331,B,0
2332,A,0
2333,A,0
2334,B,0
2335,A,0
2336,A,0
2337,A,0
2338,A,1
2339,B,0
2340,B,0
2341,A,0
2342,A,0
2343,B,0
2344,A,0
2345,A,0
2346,B,1
2347,B,0
2348,A,0
2349,B,0
2350,A,0
2351,B,0
2352,A,0
2353,B,0
2354,B,0
2355,A,0
2356,B,0
2357,B,0
2358,A,0
2359,A,1
2360,A,0
2361,A,0
2362,B,0
2363,A,0
2364,B,0
2365,A,0
2366,A,0
2367,A,0
2368,B,0
2369,A,1
2370,A,0
2371,B,1
2372,A,0
2373,A,0
2374,B,0
2375,B,0
2376,B,0
2377,B,1
2378,B,0
2379,B,0
2380,A,0
2381,A,0
2382,A,0
2383,A,0
2384,A,0
2385,A,0
2386,B,0
2387,B,1
2388,B,0
2389,B,0
2390,A,1
2391,A,0
2392,B,0
2393,B,0
2394,A,0
2395,A,0
2396,A,1
2397,A,0
2398,B,0
2399,B,0
2400,B,0
2401,B,0
2402,B,0
2403,B,0
2404,B,0
2405,B,0
2406,A,0
2407,A,0
2408,A,0
2409,B,0
2410,A,0
2411,A,0
2412,A,0
2413,B,0
2414,A,1
2415,A,0
2416,A,0
2417,A,0
2418,A,0
2419,B,0
2420,B,0
2421,A,0
2422,B,1
2423,B,0
2424,A,0
2425,A,0
2426,B,0
2427,B,0
2428,B,0
2429,B,0
2430,A,0
2431,B,0
2432,B,0
2433,A,0
2434,A,0
2435,A,0
2436,B,0
2437,B,0
2438,B,0
2439,A,0
2440,B,0
2441,B,0
2442,A,0
2443,B,0
2444,A,0
2445,B,0
2446,A,0
2447,A,0
2448,B,0
2449,B,0
2450,A,0
2451,A,0
2452,A,0
2453,A,0
2454,A,0
2455,A,0
2456,A,0
2457,B,0
2458,B,0
2459,A,0
2460,A,0
2461,A,0
2462,A,0
2463,A,0
2464,A,0
2465,B,0
2466,A,0
2467,A,0
2468,B,0
2469,A,0
2470,A,0
2471,B,0
2472,B,1
2473,A,0
2474,B,0
2475,A,0
2476,B,0
2477,A,0
2478,B,0
2479,A,0
2480,B,0
2481,A,0
2482,B,0
2483,B,0
2484,B,0
2485,B,0
2486,B,0
2487,A,0
2488,B,0
2489,B,0
2490,B,0
2491,B,0
2492,A,0
2493,A,0
2494,A,0
2495,B,1
2496,B,0
2497,B,0
2498,A,0
2499,A,0
2500,B,0
2501,B,0
2502,B,0
2503,A,0
2504,A,1
2505,A,0
2506,A,1
2507,A,0
2508,A,1
2509,A,1
2510,A,0
2511,A,0
2512,B,1
2513,B,0
2514,A,0
2515,A,0
2516,A,0
2517,A,0
2518,A,0
2519,A,0
2520,A,0
2521,B,0
2522,B,0
2523,A,0
2524,A,1
2525,B,0
2526,B,0
2527,B,0
2528,B,0
2529,A,0
2530,B,1
2531,B,0
2532,A,0
2533,B,0
2534,A,0
2535,A,0
2536,B,1
2537,B,0
2538,B,0
2539,B,0
2540,A,0
2541,A,0
2542,B,0
2543,A,0
2544,A,0
2545,A,0
2546,A,0
2547,A,0
2548,A,0
2549,A,0
2550,B,0
2551,A,0
2552,A,0
2553,A,1
2554,B,0
2555,A,1
2556,B,0
2557,A,0
2558,B,0
2559,B,0
2560,A,0
2561,A,0
2562,A,0
2563,B,0
2564,A,0
2565,B,0
2566,A,0
2567,B,0
2568,A,0
2569,B,0
2570,B,0
2571,A,0
2572,A,0
2573,A,0
2574,B,0
2575,B,0
2576,B,0
2577,A,0
2578,A,0
2579,B,1
2580,A,0
2581,B,0
2582,B,0
2583,A,0
2584,B,0
2585,A,0
2586,A,0
2587,A,1
2588,A,1
2589,B,0
2590,B,0
2591,B,0
2592,A,0
2593,A,1
2594,B,0
2595,A,0
2596,A,0
2597,A,0
2598,B,0
2599,B,0
2600,B,0
2601,B,0
2602,B,0
2603,B,0
2604,A,0
2605,B,0
2606,A,1
2607,A,1
2608,B,0
2609,B,0
2610,A,0
2611,A,0
2612,B,0
2613,A,0
2614,B,0
2615,B,0
2616,B,0
2617,B,1
2618,B,0
2619,A,0
2620,B,0
2621,A,0
2622,B,0
2623,A,0
2624,B,0
2625,B,0
2626,A,0
2627,A,0
2628,A,0
2629,A,0
2630,A,0
2631,A,0
2632,B,0
2633,A,0
2634,B,0
2635,B,0
2636,A,0
2637,B,0
2638,A,0
2639,B,1
2640,A,0
2641,B,0
2642,B,0
2643,B,0
2644,B,0
2645,A,0
2646,A,0
2647,A,0
2648,A,0
2649,B,1
2650,B,1
2651,A,0
2652,A,0
2653,B,0
2654,A,0
2655,B,0
2656,A,0
2657,A,0
2658,A,0
2659,A,1
2660,B,0
2661,B,0
2662,A,0
2663,B,0
2664,B,1
2665,B,0
2666,A,0
2667,B,0
2668,B,0
2669,A,0
2670,B,0
2671,A,0
2672,A,0
2673,B,0
2674,B,0
2675,B,1
2676,A,0
2677,B,0
2678,A,0
2679,A,1
2680,B,0
2681,B,0
2682,B,0
2683,A,0
2684,A,0
2685,A,0
2686,B,0
2687,B,0
2688,B,0
2689,A,0
2690,A,0
2691,B,0
2692,B,0
2693,B,0
2694,A,0
2695,B,1
2696,A,1
2697,A,0
2698,A,0
2699,B,0
2700,A,0
2701,B,0
2702,A,0
2703,A,0
2704,B,0
2705,B,0
2706,A,0
2707,B,0
2708,B,0
2709,B,0
2710,A,0
2711,B,0
2712,B,1
2713,B,0
2714,A,0
2715,A,0
2716,B,0
2717,A,0
2718,A,0
2719,A,0
2720,A,0
2721,A,0
2722,A,0
2723,A,0
2724,B,0
2725,B,0
2726,B,0
2727,B,0
2728,A,0
2729,A,0
2730,B,0
2731,B,0
2732,B,0
2733,A,0
2734,B,0
2735,B,0
2736,B,1
2737,B,1
2738,A,0
2739,B,0
2740,B,0
2741,B,0
2742,A,0
2743,B,0
2744,A,0
2745,B,0
2746,A,0
2747,B,1
2748,B,0
2749,B,0
2750,B,0
2751,B,0
2752,B,1
2753,B,0
2754,B,0
2755,B,0
2756,A,0
2757,A,0
2758,B,0
2759,A,0
2760,A,0
2761,B,0
2762,B,0
2763,A,0
2764,A,0
2765,B,1
2766,B,0
2767,B,0
2768,A,0
2769,B,0
2770,B,0
2771,A,0
2772,B,0
2773,B,0
2774,A,0
2775,B,0
2776,B,0
2777,A,0
2778,B,0
2779,B,0
2780,A,1
2781,A,0
2782,B,0
2783,A,0
2784,B,0
2785,A,0
2786,A,0
2787,A,0
2788,A,0
2789,A,0
2790,A,0
2791,B,0
2792,A,0
2793,B,0
2794,B,0
2795,B,0
2796,B,0
2797,A,0
2798,A,1
2799,A,0
2800,B,0
2801,A,0
2802,A,0
2803,B,0
2804,A,1
2805,B,0
2806,B,0
2807,A,0
2808,A,0
2809,B,0
2810,B,0
2811,A,0
2812,A,0
2813,A,0
2814,A,0
2815,B,0
2816,B,0
2817,A,0
2818,B,0
2819,B,0
2820,A,0
2821,A,0
2822,A,0
2823,B,0
2824,B,0
2825,B,0
2826,B,0
2827,B,0
2828,A,0
2829,A,1
2830,A,0
2831,B,0
2832,B,0
2833,B,0
2834,B,0
2835,A,0
2836,B,1
2837,A,0
2838,A,0
2839,B,0
2840,B,0
2841,A,0
2842,B,0
2843,A,0
2844,A,0
2845,A,0
2846,A,0
2847,A,0
2848,B,0
2849,A,0
2850,A,0
2851,A,0
2852,B,0
2853,A,0
2854,A,0
2855,A,0
2856,B,0
2857,A,0
2858,A,1
2859,A,0
2860,A,0
2861,B,0
2862,A,0
2863,A,0
2864,B,0
2865,A,0
2866,B,0
2867,B,0
2868,B,0
2869,A,0
2870,B,0
2871,A,0
2872,B,0
2873,B,0
2874,B,0
2875,A,0
2876,B,0
2877,A,0
2878,A,0
2879,B,0
2880,B,0
2881,B,0
2882,B,0
2883,A,0
2884,A,0
2885,B,0
2886,B,0
2887,A,0
2888,A,0
2889,B,0
2890,A,0
2891,A,1
2892,A,0
2893,A,0
2894,B,0
2895,B,0
2896,B,0
2897,B,0
2898,A,0
2899,B,0
2900,A,0
2901,B,0
2902,B,0
2903,A,0
2904,B,0
2905,A,0
2906,A,0
2907,A,0
2908,A,0
2909,B,0
2910,A,0
2911,A,0
2912,B,0
2913,A,0
2914,B,0
2915,B,1
2916,A,0
2917,A,0
2918,B,0
2919,A,0
2920,A,0
2921,B,0
2922,A,0
2923,A,0
2924,B,0
2925,B,0
2926,B,0
2927,B,0
2928,A,0
2929,A,1
2930,A,0
2931,A,0
2932,B,0
2933,B,0
2934,B,1
2935,A,0
2936,B,0
2937,B,0
2938,A,0
2939,A,0
2940,B,0
2941,A,0
2942,B,0
2943,A,0
2944,B,0
2945,B,0
2946,A,0
2947,A,0
2948,A,1
2949,A,0
2950,B,0
2951,A,0
2952,A,0
2953,A,0
2954,B,0
2955,B,0
2956,A,0
2957,B,0
2958,A,0
2959,A,0
2960,B,0
2961,A,0
2962,A,0
2963,A,0
2964,B,1
2965,A,1
2966,B,0
2967,B,0
2968,B,0
2969,B,0
2970,A,0
2971,A,0
2972,B,0
2973,B,1
2974,B,0
2975,A,1
2976,B,0
2977,B,0
2978,B,1
2979,B,0
2980,A,1
2981,B,0
2982,B,1
2983,A,1
2984,A,0
2985,A,0
2986,A,0
2987,B,0
2988,A,0
2989,A,0
2990,B,0
2991,A,0
2992,B,1
2993,B,0
2994,B,0
2995,A,0
2996,A,0
2997,A,1
2998,A,0
2999,A,0
3000,A,0
3001,B,0
3002,A,0
3003,A,0
3004,B,0
3005,A,0
3006,B,0
3007,A,0
3008,A,0
3009,A,0
3010,B,0
3011,B,0
3012,B,0
3013,B,0
3014,A,0
3015,B,0
3016,A,0
3017,B,0
3018,A,0
3019,B,0
3020,A,0
3021,A,0
3022,A,0
3023,A,0
3024,A,0
3025,B,0
3026,A,0
3027,A,0
3028,B,0
3029,A,0
3030,B,0
3031,A,0
3032,B,1
3033,B,0
3034,A,0
3035,B,0
3036,A,0
3037,A,0
3038,B,0
3039,B,0
3040,B,0
3041,B,0
3042,B,0
3043,B,0
3044,B,0
3045,B,0
3046,A,0
3047,A,0
3048,B,0
3049,A,1
3050,B,0
3051,A,0
3052,A,0
3053,A,0
3054,A,1
3055,A,0
3056,B,1
3057,A,1
3058,B,0
3059,A,0
3060,A,1
3061,A,0
3062,B,0
3063,A,0
3064,B,0
3065,B,0
3066,B,0
3067,A,0
3068,B,0
3069,A,0
3070,A,1
3071,B,0
3072,A,0
3073,A,0
3074,A,0
3075,A,0
3076,A,1
3077,A,0
3078,B,0
3079,A,0
3080,B,0
3081,A,0
3082,B,0
3083,B,0
3084,A,1
3085,B,0
3086,B,0
3087,B,0
3088,A,0
3089,A,0
3090,A,0
3091,A,0
3092,A,0
3093,A,1
3094,B,0
3095,B,0
3096,A,0
3097,A,0
3098,B,0
3099,A,0
3100,A,0
3101,A,0
3102,A,0
3103,B,0
3104,A,0
3105,B,0
3106,A,0
3107,A,0
3108,B,0
3109,B,0
3110,A,0
3111,A,0
3112,A,0
3113,B,0
3114,A,0
3115,A,0
3116,A,1
3117,B,0
3118,A,0
3119,B,0
3120,B,0
3121,B,0
3122,B,0
3123,B,1
3124,A,0
3125,A,0
3126,B,0
3127,A,0
3128,B,0
3129,B,1
3130,B,0
3131,B,0
3132,A,0
3133,A,0
3134,B,0
3135,A,0
3136,A,1
3137,A,1
3138,A,0
3139,A,0
3140,B,0
3141,A,0
3142,A,0
3143,B,0
3144,B,0
3145,A,0
3146,B,0
3147,B,0
3148,B,0
3149,A,0
3150,A,0
3151,A,0
3152,B,0
3153,A,0
3154,A,0
3155,A,0
3156,A,0
3157,A,0
3158,A,0
3159,A,0
3160,A,0
3161,B,0
3162,A,0
3163,A,1
3164,A,0
3165,A,0
3166,A,0
3167,A,0
3168,B,1
3169,A,0
3170,A,0
3171,A,1
3172,B,0
3173,A,1
3174,A,0
3175,A,0
3176,B,0
3177,B,1
3178,B,0
3179,A,0
3180,B,0
3181,A,1
3182,B,0
3183,B,0
3184,B,0
3185,B,0
3186,A,0
3187,A,0
3188,B,1
3189,B,1
3190,A,1
3191,B,0
3192,A,0
3193,A,0
3194,B,0
3195,B,1
3196,A,0
3197,B,0
3198,A,0
3199,B,0
3200,A,0
3201,A,0
3202,A,0
3203,A,0
3204,B,0
3205,B,0
3206,B,0
3207,B,0
3208,A,0
3209,A,0
3210,A,0
3211,A,0
3212,B,0
3213,A,0
3214,A,0
3215,A,0
3216,A,0
3217,A,0
3218,B,0
3219,A,0
3220,A,0
3221,B,0
3222,A,0
3223,A,0
3224,A,0
3225,B,0
3226,B,0
3227,B,0
3228,B,0
3229,A,0
3230,B,0
3231,B,0
3232,A,0
3233,A,0
3234,A,0
3235,A,0
3236,A,0
3237,B,0
3238,B,0
3239,A,0
3240,A,0
3241,B,0
3242,A,0
3243,B,0
3244,A,0
3245,A,1
3246,B,0
3247,B,0
3248,B,1
3249,B,0
3250,B,0
3251,A,0
3252,A,1
3253,B,1
3254,B,1
3255,A,0
3256,B,0
3257,B,0
3258,A,0
3259,B,0
3260,B,0
3261,B,0
3262,B,0
3263,B,1
3264,B,1
3265,A,0
3266,A,0
3267,A,0
3268,A,0
3269,B,0
3270,B,0
3271,A,1
3272,A,1
3273,B,0
3274,B,1
3275,B,0
3276,A,0
3277,B,0
3278,B,0
3279,B,1
3280,A,0
3281,A,0
3282,B,0
3283,A,0
3284,B,0
3285,A,0
3286,A,0
3287,A,0
3288,B,0
3289,B,1
3290,A,0
3291,A,0
3292,A,0
3293,A,0
3294,B,0
3295,B,0
3296,B,0
3297,A,0
3298,B,0
3299,A,0
3300,B,0
3301,B,0
3302,A,0
3303,A,1
3304,B,0
3305,B,0
3306,A,0
3307,B,0
3308,A,0
3309,A,0
3310,A,0
3311,A,0
3312,B,1
3313,B,0
3314,B,0
3315,B,0
3316,B,0
3317,A,0
3318,A,0
3319,B,0
3320,A,0
3321,A,0
3322,B,1
3323,B,1
3324,B,0
3325,A,0
3326,A,0
3327,B,0
3328,B,0
3329,B,0
3330,A,0
3331,A,0
3332,B,0
3333,B,0
3334,A,0
3335,A,0
3336,A,0
3337,B,0
3338,B,0
3339,A,0
3340,A,0
3341,A,0
3342,B,0
3343,A,0
3344,A,0
3345,B,1
3346,A,0
3347,A,0
3348,A,0
3349,B,0
3350,B,0
3351,B,0
3352,B,0
3353,B,0
3354,B,0
3355,B,0
3356,B,0
3357,B,0
3358,B,0
3359,B,0
3360,B,0
3361,B,0
3362,A,0
3363,A,0
3364,B,0
3365,B,1
3366,B,0
3367,A,0
3368,B,0
3369,B,0
3370,B,0
3371,B,0
3372,A,0
3373,A,1
3374,A,0
3375,B,0
3376,B,1
3377,A,0
3378,A,1
3379,B,1
3380,B,0
3381,A,1
3382,A,0
3383,B,0
3384,B,0
3385,B,0
3386,B,1
3387,A,0
3388,B,0
3389,B,0
3390,B,0
3391,A,0
3392,B,1
3393,B,0
3394,B,1
3395,B,0
3396,B,0
3397,A,0
3398,A,0
3399,B,0
3400,B,1
3401,A,0
3402,A,0
3403,B,0
3404,A,0
3405,B,1
3406,A,0
3407,B,0
3408,B,0
3409,B,0
3410,B,0
3411,A,0
3412,B,0
3413,B,0
3414,A,0
3415,B,0
3416,B,1
3417,A,0
3418,A,0
3419,A,0
3420,B,0
3421,B,0
3422,A,0
3423,A,0
3424,B,0
3425,B,0
3426,A,0
3427,A,0
3428,B,0
3429,B,0
3430,B,1
3431,B,0
3432,B,0
3433,A,0
3434,B,0
3435,A,0
3436,A,0
3437,A,0
3438,A,1
3439,A,0
3440,B,0
3441,A,0
3442,B,0
3443,B,0
3444,B,0
3445,B,0
3446,A,0
3447,B,0
3448,B,1
3449,A,0
3450,B,0
3451,A,0
3452,A,0
3453,B,0
3454,A,1
3455,B,0
3456,B,0
3457,B,0
3458,A,0
3459,B,0
3460,B,0
3461,A,0
3462,A,0
3463,B,0
3464,B,0
3465,B,0
3466,B,0
3467,A,0
3468,B,0
3469,B,0
3470,A,0
3471,A,0
3472,B,0
3473,A,0
3474,A,0
3475,B,0
3476,B,0
3477,B,0
3478,A,0
3479,B,1
3480,B,0
3481,A,0
3482,A,0
3483,B,0
3484,A,0
3485,B,0
3486,B,0
3487,A,0
3488,B,0
3489,B,0
3490,B,0
3491,B,0
3492,B,0
3493,A,0
3494,B,0
3495,A,0
3496,B,0
3497,A,0
3498,B,1
3499,B,0
3500,B,0
3501,B,1
3502,A,0
3503,B,0
3504,B,0
3505,A,0
3506,A,0
3507,A,0
3508,A,0
3509,A,0
3510,A,0
3511,B,0
3512,A,0
3513,A,0
3514,B,0
3515,A,0
3516,A,0
3517,A,0
3518,A,0
3519,A,0
3520,A,0
3521,A,0
3522,A,0
3523,B,0
3524,B,0
3525,A,0
3526,A,1
3527,A,0
3528,B,1
3529,B,0
3530,A,0
3531,A,0
3532,B,0
3533,B,0
3534,A,1
3535,A,0
3536,A,0
3537,A,1
3538,A,0
3539,A,0
3540,A,1
3541,B,0
3542,A,0
3543,B,0
3544,A,0
3545,A,1
3546,A,0
3547,B,0
3548,A,0
3549,A,0
3550,A,0
3551,B,0
3552,A,0
3553,A,0
3554,B,0
3555,A,0
3556,A,0
3557,B,0
3558,A,0
3559,B,0
3560,B,0
3561,B,0
3562,A,0
3563,B,1
3564,B,0
3565,B,0
3566,A,0
3567,B,0
3568,A,0
3569,A,0
3570,A,0
3571,A,0
3572,B,1
3573,A,0
3574,A,0
3575,B,0
3576,B,0
3577,A,0
3578,B,0
3579,B,0
3580,A,0
3581,A,0
3582,B,0
3583,B,0
3584,B,0
3585,B,0
3586,A,0
3587,B,0
3588,B,1
3589,B,0
3590,B,0
3591,B,0
3592,B,0
3593,A,0
3594,B,0
3595,A,1
3596,A,0
3597,A,1
3598,B,0
3599,B,0
3600,B,0
3601,B,0
3602,B,0
3603,B,1
3604,A,1
3605,A,0
3606,B,0
3607,B,0
3608,A,0
3609,B,1
3610,B,0
3611,B,0
3612,B,0
3613,A,1
3614,A,0
3615,A,0
3616,B,0
3617,A,0
3618,B,1
3619,A,0
3620,A,0
3621,A,0
3622,B,0
3623,A,1
3624,B,0
3625,B,1
3626,B,0
3627,B,0
3628,B,0
3629,B,0
3630,B,0
3631,B,1
3632,B,0
3633,A,0
3634,A,0
3635,B,0
3636,B,1
3637,B,0
3638,B,0
3639,B,0
3640,B,1
3641,B,0
3642,B,0
3643,B,0
3644,A,0
3645,B,0
3646,A,0
3647,A,1
3648,B,0
3649,B,0
3650,A,0
3651,A,0
3652,B,0
3653,A,0
3654,B,1
3655,A,0
3656,A,0
3657,B,0
3658,B,0
3659,B,0
3660,A,0
3661,B,0
3662,B,0
3663,B,0
3664,A,0
3665,A,0
3666,A,1
3667,A,0
3668,A,0
3669,A,0
3670,B,0
3671,B,0
3672,B,0
3673,A,0
3674,B,0
3675,B,0
3676,A,0
3677,B,0
3678,A,0
3679,B,1
3680,A,0
3681,B,0
3682,B,0
3683,A,0
3684,A,0
3685,A,0
3686,B,0
3687,B,0
3688,B,1
3689,A,0
3690,B,0
3691,A,0
3692,B,0
3693,A,0
3694,B,1
3695,A,0
3696,B,0
3697,B,0
3698,B,0
3699,B,0
3700,B,1
3701,A,0
3702,A,0
3703,B,0
3704,B,0
3705,B,1
3706,B,1
3707,A,1
3708,A,0
3709,B,0
3710,B,0
3711,A,0
3712,A,0
3713,A,0
3714,A,0
3715,A,0
3716,A,0
3717,A,0
3718,B,0
3719,A,0
3720,A,0
3721,B,0
3722,B,0
3723,B,0
3724,B,0
3725,B,0
3726,B,0
3727,A,0
3728,A,0
3729,A,0
3730,B,0
3731,A,0
3732,B,0
3733,B,0
3734,B,0
3735,B,0
3736,A,0
3737,B,0
3738,B,1
3739,B,0
3740,A,0
3741,B,0
3742,A,0
3743,B,0
3744,A,0
3745,B,0
3746,B,0
3747,B,0
3748,A,0
3749,A,0
3750,B,0
3751,B,0
3752,B,0
3753,B,0
3754,B,0
3755,B,0
3756,A,0
3757,B,0
3758,B,0
3759,A,0
3760,B,0
3761,A,0
3762,A,0
3763,B,0
3764,B,0
3765,A,0
3766,A,0
3767,A,0
3768,A,0
3769,B,0
3770,B,0
3771,A,0
3772,A,0
3773,B,0
3774,B,1
3775,B,0
3776,A,0
3777,B,0
3778,B,0
3779,B,0
3780,A,1
3781,A,0
3782,B,0
3783,B,1
3784,B,1
3785,B,1
3786,A,0
3787,A,0
3788,A,0
3789,B,0
3790,A,0
3791,B,0
3792,B,0
3793,B,1
3794,A,1
3795,B,0
3796,A,0
3797,B,0
3798,A,0
3799,A,0
3800,A,1
3801,B,0
3802,B,0
3803,B,0
3804,A,0
3805,B,0
3806,B,0
3807,A,0
3808,A,0
3809,B,1
3810,A,0
3811,B,0
3812,A,0
3813,A,0
3814,A,0
3815,B,0
3816,B,0
3817,B,0
3818,A,0
3819,A,0
3820,B,1
3821,A,0
3822,B,0
3823,A,0
3824,A,0
3825,B,0
3826,B,0
3827,A,0
3828,A,1
3829,B,0
3830,A,0
3831,B,0
3832,A,0
3833,B,0
3834,B,0
3835,A,1
3836,A,0
3837,B,1
3838,B,0
3839,A,0
3840,B,0
3841,A,0
3842,A,0
3843,B,0
3844,B,0
3845,A,0
3846,A,0
3847,A,0
3848,B,0
3849,B,0
3850,B,0
3851,A,0
3852,A,0
3853,A,0
3854,A,0
3855,B,0
3856,B,0
3857,B,0
3858,B,1
3859,B,0
3860,A,0
3861,B,1
3862,A,0
3863,B,0
3864,B,0
3865,A,1
3866,A,0
3867,B,0
3868,A,0
3869,B,0
3870,B,0
3871,A,0
3872,B,0
3873,A,0
3874,B,0
3875,B,0
3876,B,0
3877,B,1
3878,B,0
3879,B,0
3880,B,0
3881,B,0
3882,B,1
3883,A,0
3884,A,0
3885,A,0
3886,A,1
3887,A,0
3888,B,0
3889,B,0
3890,B,0
3891,B,0
3892,A,0
3893,B,0
3894,B,0
3895,A,0
3896,B,0
3897,B,0
3898,B,0
3899,B,1
3900,B,0
3901,B,0
3902,B,0
3903,B,0
3904,B,0
3905,A,0
3906,A,0
3907,A,0
3908,A,0
3909,A,0
3910,B,0
3911,A,0
3912,B,0
3913,A,0
3914,B,0
3915,A,0
3916,B,1
3917,A,0
3918,B,0
3919,A,0
3920,A,0
3921,B,0
3922,B,1
3923,A,0
3924,B,0
3925,B,0
3926,A,0
3927,B,1
3928,A,0
3929,A,0
3930,B,0
3931,B,0
3932,A,0
3933,B,0
3934,B,0
3935,A,0
3936,B,0
3937,A,0
3938,A,0
3939,A,0
3940,B,1
3941,B,0
3942,A,0
3943,B,0
3944,A,0
3945,B,0
3946,B,0
3947,A,0
3948,B,0
3949,A,0
3950,B,0
3951,B,0
3952,B,0
3953,B,0
3954,B,0
3955,A,0
3956,A,0
3957,B,0
3958,A,0
3959,A,0
3960,B,0
3961,B,0
3962,B,0
3963,A,0
3964,A,1
3965,A,0
3966,B,0
3967,B,1
3968,B,0
3969,B,0
3970,A,0
3971,A,0
3972,A,0
3973,A,0
3974,A,0
3975,B,0
3976,B,0
3977,B,0
3978,A,0
3979,A,0
3980,B,0
3981,A,0
3982,A,0
3983,B,0
3984,B,1
3985,A,1
3986,B,0
3987,A,0
3988,A,0
3989,B,1
3990,A,0
3991,B,0
3992,A,0
3993,B,0
3994,B,0
3995,A,0
3996,A,0
3997,B,0
3998,A,0
3999,A,0
4000,B,0
