date,product_id,stock_level,action,qty
2025-06-01,1001,59,hold,0
2025-06-01,1002,105,hold,0
2025-06-01,1003,55,hold,0
2025-06-01,1004,41,hold,0
2025-06-01,1005,49,hold,0
2025-06-01,1006,97,hold,0
2025-06-01,1007,21,hold,0
2025-06-01,1008,116,hold,0
2025-06-01,1009,88,hold,0
2025-06-01,1010,120,hold,0
2025-06-01,1011,91,hold,0
2025-06-01,1012,157,replenish,51
2025-06-01,1013,33,hold,0
2025-06-01,1014,191,replenish,74
2025-06-01,1015,26,hold,0
2025-06-01,1016,62,hold,0
2025-06-01,1017,54,hold,0
2025-06-01,1018,33,hold,0
2025-06-01,1019,69,hold,0
2025-06-01,1020,76,hold,0
2025-06-01,1021,32,hold,0
2025-06-01,1022,114,hold,0
2025-06-01,1023,48,hold,0
2025-06-01,1024,20,hold,0
2025-06-01,1025,31,hold,0
2025-06-01,1026,73,hold,0
2025-06-01,1027,12,hold,0
2025-06-01,1028,26,hold,0
2025-06-01,1029,80,hold,0
2025-06-01,1030,98,hold,0
2025-06-02,1001,54,hold,0
2025-06-02,1002,102,hold,0
2025-06-02,1003,49,hold,0
2025-06-02,1004,41,hold,0
2025-06-02,1005,47,hold,0
2025-06-02,1006,94,hold,0
2025-06-02,1007,19,hold,0
2025-06-02,1008,116,hold,0
2025-06-02,1009,87,hold,0
2025-06-02,1010,119,hold,0
2025-06-02,1011,87,hold,0
2025-06-02,1012,150,hold,0
2025-06-02,1013,32,hold,0
2025-06-02,1014,190,hold,0
2025-06-02,1015,23,hold,0
2025-06-02,1016,60,hold,0
2025-06-02,1017,51,hold,0
2025-06-02,1018,30,hold,0
2025-06-02,1019,68,hold,0
2025-06-02,1020,74,hold,0
2025-06-02,1021,28,hold,0
2025-06-02,1022,112,hold,0
2025-06-02,1023,46,hold,0
2025-06-02,1024,20,hold,0
2025-06-02,1025,31,hold,0
2025-06-02,1026,119,replenish,50
2025-06-02,1027,11,hold,0
2025-06-02,1028,25,hold,0
2025-06-02,1029,75,hold,0
2025-06-02,1030,94,hold,0
2025-06-03,1001,48,hold,0
2025-06-03,1002,102,hold,0
2025-06-03,1003,48,hold,0
2025-06-03,1004,38,hold,0
2025-06-03,1005,42,hold,0
2025-06-03,1006,93,hold,0
2025-06-03,1007,66,replenish,51
2025-06-03,1008,112,hold,0
2025-06-03,1009,85,hold,0
2025-06-03,1010,149,replenish,32
2025-06-03,1011,83,hold,0
2025-06-03,1012,150,hold,0
2025-06-03,1013,56,replenish,24
2025-06-03,1014,247,replenish,64
2025-06-03,1015,21,hold,0
2025-06-03,1016,58,hold,0
2025-06-03,1017,50,hold,0
2025-06-03,1018,28,hold,0
2025-06-03,1019,68,hold,0
2025-06-03,1020,136,replenish,65
2025-06-03,1021,27,hold,0
2025-06-03,1022,111,hold,0
2025-06-03,1023,44,hold,0
2025-06-03,1024,20,hold,0
2025-06-03,1025,25,hold,0
2025-06-03,1026,112,hold,0
2025-06-03,1027,38,replenish,30
2025-06-03,1028,25,hold,0
2025-06-03,1029,70,hold,0
2025-06-03,1030,93,hold,0
2025-06-04,1001,45,hold,0
2025-06-04,1002,99,hold,0
2025-06-04,1003,48,hold,0
2025-06-04,1004,37,hold,0
2025-06-04,1005,42,hold,0
2025-06-04,1006,90,hold,0
2025-06-04,1007,65,hold,0
2025-06-04,1008,106,hold,0
2025-06-04,1009,85,hold,0
2025-06-04,1010,148,hold,0
2025-06-04,1011,80,hold,0
2025-06-04,1012,150,hold,0
2025-06-04,1013,51,hold,0
2025-06-04,1014,245,hold,0
2025-06-04,1015,52,replenish,31
2025-06-04,1016,56,hold,0
2025-06-04,1017,122,replenish,78
2025-06-04,1018,106,replenish,78
2025-06-04,1019,83,replenish,19
2025-06-04,1020,135,hold,0
2025-06-04,1021,26,hold,0
2025-06-04,1022,111,hold,0
2025-06-04,1023,89,replenish,48
2025-06-04,1024,19,hold,0
2025-06-04,1025,24,hold,0
2025-06-04,1026,112,hold,0
2025-06-04,1027,37,hold,0
2025-06-04,1028,22,hold,0
2025-06-04,1029,69,hold,0
2025-06-04,1030,88,hold,0
2025-06-05,1001,44,hold,0
2025-06-05,1002,97,hold,0
2025-06-05,1003,46,hold,0
2025-06-05,1004,35,hold,0
2025-06-05,1005,42,hold,0
2025-06-05,1006,89,hold,0
2025-06-05,1007,65,hold,0
2025-06-05,1008,101,hold,0
2025-06-05,1009,80,hold,0
2025-06-05,1010,145,hold,0
2025-06-05,1011,79,hold,0
2025-06-05,1012,150,hold,0
2025-06-05,1013,73,replenish,25
2025-06-05,1014,243,hold,0
2025-06-05,1015,47,hold,0
2025-06-05,1016,49,hold,0
2025-06-05,1017,118,hold,0
2025-06-05,1018,104,hold,0
2025-06-05,1019,77,hold,0
2025-06-05,1020,132,hold,0
2025-06-05,1021,25,hold,0
2025-06-05,1022,108,hold,0
2025-06-05,1023,89,hold,0
2025-06-05,1024,14,hold,0
2025-06-05,1025,94,replenish,73
2025-06-05,1026,109,hold,0
2025-06-05,1027,34,hold,0
2025-06-05,1028,19,hold,0
2025-06-05,1029,68,hold,0
2025-06-05,1030,88,hold,0
2025-06-06,1001,40,hold,0
2025-06-06,1002,94,hold,0
2025-06-06,1003,45,hold,0
2025-06-06,1004,30,hold,0
2025-06-06,1005,39,hold,0
2025-06-06,1006,88,hold,0
2025-06-06,1007,61,hold,0
2025-06-06,1008,100,hold,0
2025-06-06,1009,80,hold,0
2025-06-06,1010,144,hold,0
2025-06-06,1011,78,hold,0
2025-06-06,1012,145,hold,0
2025-06-06,1013,69,hold,0
2025-06-06,1014,241,hold,0
2025-06-06,1015,45,hold,0
2025-06-06,1016,48,hold,0
2025-06-06,1017,115,hold,0
2025-06-06,1018,100,hold,0
2025-06-06,1019,76,hold,0
2025-06-06,1020,131,hold,0
2025-06-06,1021,52,replenish,30
2025-06-06,1022,105,hold,0
2025-06-06,1023,86,hold,0
2025-06-06,1024,14,hold,0
2025-06-06,1025,90,hold,0
2025-06-06,1026,108,hold,0
2025-06-06,1027,29,hold,0
2025-06-06,1028,17,hold,0
2025-06-06,1029,65,hold,0
2025-06-06,1030,84,hold,0
2025-06-07,1001,36,hold,0
2025-06-07,1002,164,replenish,75
2025-06-07,1003,45,hold,0
2025-06-07,1004,27,hold,0
2025-06-07,1005,38,hold,0
2025-06-07,1006,87,hold,0
2025-06-07,1007,59,hold,0
2025-06-07,1008,97,hold,0
2025-06-07,1009,75,hold,0
2025-06-07,1010,144,hold,0
2025-06-07,1011,73,hold,0
2025-06-07,1012,141,hold,0
2025-06-07,1013,64,hold,0
2025-06-07,1014,238,hold,0
2025-06-07,1015,45,hold,0
2025-06-07,1016,46,hold,0
2025-06-07,1017,113,hold,0
2025-06-07,1018,97,hold,0
2025-06-07,1019,73,hold,0
2025-06-07,1020,128,hold,0
2025-06-07,1021,50,hold,0
2025-06-07,1022,102,hold,0
2025-06-07,1023,84,hold,0
2025-06-07,1024,13,hold,0
2025-06-07,1025,86,hold,0
2025-06-07,1026,108,hold,0
2025-06-07,1027,25,hold,0
2025-06-07,1028,17,hold,0
2025-06-07,1029,62,hold,0
2025-06-07,1030,82,hold,0
2025-06-08,1001,35,hold,0
2025-06-08,1002,163,hold,0
2025-06-08,1003,42,hold,0
2025-06-08,1004,25,hold,0
2025-06-08,1005,63,replenish,28
2025-06-08,1006,84,hold,0
2025-06-08,1007,58,hold,0
2025-06-08,1008,95,hold,0
2025-06-08,1009,71,hold,0
2025-06-08,1010,139,hold,0
2025-06-08,1011,72,hold,0
2025-06-08,1012,137,hold,0
2025-06-08,1013,61,hold,0
2025-06-08,1014,237,hold,0
2025-06-08,1015,83,replenish,42
2025-06-08,1016,44,hold,0
2025-06-08,1017,107,hold,0
2025-06-08,1018,93,hold,0
2025-06-08,1019,69,hold,0
2025-06-08,1020,126,hold,0
2025-06-08,1021,45,hold,0
2025-06-08,1022,102,hold,0
2025-06-08,1023,82,hold,0
2025-06-08,1024,10,hold,0
2025-06-08,1025,83,hold,0
2025-06-08,1026,106,hold,0
2025-06-08,1027,23,hold,0
2025-06-08,1028,12,hold,0
2025-06-08,1029,59,hold,0
2025-06-08,1030,105,replenish,23
2025-06-09,1001,35,hold,0
2025-06-09,1002,161,hold,0
2025-06-09,1003,42,hold,0
2025-06-09,1004,19,hold,0
2025-06-09,1005,58,hold,0
2025-06-09,1006,82,hold,0
2025-06-09,1007,53,hold,0
2025-06-09,1008,93,hold,0
2025-06-09,1009,70,hold,0
2025-06-09,1010,133,hold,0
2025-06-09,1011,69,hold,0
2025-06-09,1012,136,hold,0
2025-06-09,1013,58,hold,0
2025-06-09,1014,237,hold,0
2025-06-09,1015,83,hold,0
2025-06-09,1016,44,hold,0
2025-06-09,1017,103,hold,0
2025-06-09,1018,91,hold,0
2025-06-09,1019,67,hold,0
2025-06-09,1020,124,hold,0
2025-06-09,1021,41,hold,0
2025-06-09,1022,99,hold,0
2025-06-09,1023,77,hold,0
2025-06-09,1024,77,replenish,69
2025-06-09,1025,82,hold,0
2025-06-09,1026,106,hold,0
2025-06-09,1027,19,hold,0
2025-06-09,1028,10,hold,0
2025-06-09,1029,58,hold,0
2025-06-09,1030,100,hold,0
2025-06-10,1001,30,hold,0
2025-06-10,1002,155,hold,0
2025-06-10,1003,41,hold,0
2025-06-10,1004,17,hold,0
2025-06-10,1005,103,replenish,47
2025-06-10,1006,81,hold,0
2025-06-10,1007,51,hold,0
2025-06-10,1008,92,hold,0
2025-06-10,1009,70,hold,0
2025-06-10,1010,128,hold,0
2025-06-10,1011,67,hold,0
2025-06-10,1012,133,hold,0
2025-06-10,1013,57,hold,0
2025-06-10,1014,231,hold,0
2025-06-10,1015,80,hold,0
2025-06-10,1016,39,hold,0
2025-06-10,1017,165,replenish,64
2025-06-10,1018,90,hold,0
2025-06-10,1019,66,hold,0
2025-06-10,1020,119,hold,0
2025-06-10,1021,38,hold,0
2025-06-10,1022,96,hold,0
2025-06-10,1023,73,hold,0
2025-06-10,1024,75,hold,0
2025-06-10,1025,80,hold,0
2025-06-10,1026,101,hold,0
2025-06-10,1027,16,hold,0
2025-06-10,1028,58,replenish,50
2025-06-10,1029,56,hold,0
2025-06-10,1030,97,hold,0
2025-06-11,1001,30,hold,0
2025-06-11,1002,151,hold,0
2025-06-11,1003,41,hold,0
2025-06-11,1004,34,replenish,25
2025-06-11,1005,101,hold,0
2025-06-11,1006,81,hold,0
2025-06-11,1007,48,hold,0
2025-06-11,1008,90,hold,0
2025-06-11,1009,65,hold,0
2025-06-11,1010,127,hold,0
2025-06-11,1011,67,hold,0
2025-06-11,1012,131,hold,0
2025-06-11,1013,57,hold,0
2025-06-11,1014,227,hold,0
2025-06-11,1015,77,hold,0
2025-06-11,1016,37,hold,0
2025-06-11,1017,165,hold,0
2025-06-11,1018,85,hold,0
2025-06-11,1019,63,hold,0
2025-06-11,1020,117,hold,0
2025-06-11,1021,33,hold,0
2025-06-11,1022,93,hold,0
2025-06-11,1023,71,hold,0
2025-06-11,1024,75,hold,0
2025-06-11,1025,76,hold,0
2025-06-11,1026,96,hold,0
2025-06-11,1027,88,replenish,79
2025-06-11,1028,58,hold,0
2025-06-11,1029,52,hold,0
2025-06-11,1030,94,hold,0
2025-06-12,1001,25,hold,0
2025-06-12,1002,147,hold,0
2025-06-12,1003,40,hold,0
2025-06-12,1004,31,hold,0
2025-06-12,1005,98,hold,0
2025-06-12,1006,79,hold,0
2025-06-12,1007,46,hold,0
2025-06-12,1008,89,hold,0
2025-06-12,1009,65,hold,0
2025-06-12,1010,124,hold,0
2025-06-12,1011,63,hold,0
2025-06-12,1012,128,hold,0
2025-06-12,1013,56,hold,0
2025-06-12,1014,227,hold,0
2025-06-12,1015,73,hold,0
2025-06-12,1016,37,hold,0
2025-06-12,1017,162,hold,0
2025-06-12,1018,84,hold,0
2025-06-12,1019,59,hold,0
2025-06-12,1020,114,hold,0
2025-06-12,1021,30,hold,0
2025-06-12,1022,88,hold,0
2025-06-12,1023,67,hold,0
2025-06-12,1024,71,hold,0
2025-06-12,1025,75,hold,0
2025-06-12,1026,93,hold,0
2025-06-12,1027,84,hold,0
2025-06-12,1028,58,hold,0
2025-06-12,1029,52,hold,0
2025-06-12,1030,92,hold,0
2025-06-13,1001,23,hold,0
2025-06-13,1002,146,hold,0
2025-06-13,1003,34,hold,0
2025-06-13,1004,27,hold,0
2025-06-13,1005,95,hold,0
2025-06-13,1006,77,hold,0
2025-06-13,1007,38,hold,0
2025-06-13,1008,88,hold,0
2025-06-13,1009,60,hold,0
2025-06-13,1010,124,hold,0
2025-06-13,1011,60,hold,0
2025-06-13,1012,127,hold,0
2025-06-13,1013,56,hold,0
2025-06-13,1014,223,hold,0
2025-06-13,1015,67,hold,0
2025-06-13,1016,36,hold,0
2025-06-13,1017,158,hold,0
2025-06-13,1018,83,hold,0
2025-06-13,1019,52,hold,0
2025-06-13,1020,114,hold,0
2025-06-13,1021,24,hold,0
2025-06-13,1022,86,hold,0
2025-06-13,1023,62,hold,0
2025-06-13,1024,68,hold,0
2025-06-13,1025,70,hold,0
2025-06-13,1026,88,hold,0
2025-06-13,1027,82,hold,0
2025-06-13,1028,57,hold,0
2025-06-13,1029,46,hold,0
2025-06-13,1030,112,replenish,22
2025-06-14,1001,20,hold,0
2025-06-14,1002,144,hold,0
2025-06-14,1003,32,hold,0
2025-06-14,1004,26,hold,0
2025-06-14,1005,93,hold,0
2025-06-14,1006,75,hold,0
2025-06-14,1007,35,hold,0
2025-06-14,1008,87,hold,0
2025-06-14,1009,57,hold,0
2025-06-14,1010,121,hold,0
2025-06-14,1011,58,hold,0
2025-06-14,1012,126,hold,0
2025-06-14,1013,55,hold,0
2025-06-14,1014,220,hold,0
2025-06-14,1015,64,hold,0
2025-06-14,1016,34,hold,0
2025-06-14,1017,157,hold,0
2025-06-14,1018,83,hold,0
2025-06-14,1019,51,hold,0
2025-06-14,1020,111,hold,0
2025-06-14,1021,22,hold,0
2025-06-14,1022,84,hold,0
2025-06-14,1023,58,hold,0
2025-06-14,1024,66,hold,0
2025-06-14,1025,69,hold,0
2025-06-14,1026,86,hold,0
2025-06-14,1027,80,hold,0
2025-06-14,1028,55,hold,0
2025-06-14,1029,44,hold,0
2025-06-14,1030,107,hold,0
2025-06-15,1001,17,hold,0
2025-06-15,1002,141,hold,0
2025-06-15,1003,32,hold,0
2025-06-15,1004,22,hold,0
2025-06-15,1005,89,hold,0
2025-06-15,1006,74,hold,0
2025-06-15,1007,34,hold,0
2025-06-15,1008,83,hold,0
2025-06-15,1009,57,hold,0
2025-06-15,1010,118,hold,0
2025-06-15,1011,58,hold,0
2025-06-15,1012,123,hold,0
2025-06-15,1013,53,hold,0
2025-06-15,1014,219,hold,0
2025-06-15,1015,113,replenish,51
2025-06-15,1016,34,hold,0
2025-06-15,1017,156,hold,0
2025-06-15,1018,79,hold,0
2025-06-15,1019,46,hold,0
2025-06-15,1020,109,hold,0
2025-06-15,1021,18,hold,0
2025-06-15,1022,80,hold,0
2025-06-15,1023,56,hold,0
2025-06-15,1024,62,hold,0
2025-06-15,1025,65,hold,0
2025-06-15,1026,83,hold,0
2025-06-15,1027,77,hold,0
2025-06-15,1028,53,hold,0
2025-06-15,1029,43,hold,0
2025-06-15,1030,104,hold,0
2025-06-16,1001,17,hold,0
2025-06-16,1002,138,hold,0
2025-06-16,1003,29,hold,0
2025-06-16,1004,22,hold,0
2025-06-16,1005,85,hold,0
2025-06-16,1006,69,hold,0
2025-06-16,1007,29,hold,0
2025-06-16,1008,80,hold,0
2025-06-16,1009,55,hold,0
2025-06-16,1010,117,hold,0
2025-06-16,1011,57,hold,0
2025-06-16,1012,118,hold,0
2025-06-16,1013,50,hold,0
2025-06-16,1014,216,hold,0
2025-06-16,1015,109,hold,0
2025-06-16,1016,31,hold,0
2025-06-16,1017,153,hold,0
2025-06-16,1018,103,replenish,31
2025-06-16,1019,116,replenish,73
2025-06-16,1020,106,hold,0
2025-06-16,1021,18,hold,0
2025-06-16,1022,76,hold,0
2025-06-16,1023,51,hold,0
2025-06-16,1024,58,hold,0
2025-06-16,1025,65,hold,0
2025-06-16,1026,83,hold,0
2025-06-16,1027,74,hold,0
2025-06-16,1028,49,hold,0
2025-06-16,1029,39,hold,0
2025-06-16,1030,97,hold,0
2025-06-17,1001,14,hold,0
2025-06-17,1002,136,hold,0
2025-06-17,1003,27,hold,0
2025-06-17,1004,19,hold,0
2025-06-17,1005,81,hold,0
2025-06-17,1006,143,replenish,78
2025-06-17,1007,28,hold,0
2025-06-17,1008,78,hold,0
2025-06-17,1009,50,hold,0
2025-06-17,1010,116,hold,0
2025-06-17,1011,54,hold,0
2025-06-17,1012,116,hold,0
2025-06-17,1013,48,hold,0
2025-06-17,1014,215,hold,0
2025-06-17,1015,105,hold,0
2025-06-17,1016,27,hold,0
2025-06-17,1017,151,hold,0
2025-06-17,1018,99,hold,0
2025-06-17,1019,112,hold,0
2025-06-17,1020,104,hold,0
2025-06-17,1021,14,hold,0
2025-06-17,1022,72,hold,0
2025-06-17,1023,48,hold,0
2025-06-17,1024,57,hold,0
2025-06-17,1025,61,hold,0
2025-06-17,1026,78,hold,0
2025-06-17,1027,74,hold,0
2025-06-17,1028,48,hold,0
2025-06-17,1029,35,hold,0
2025-06-17,1030,97,hold,0
2025-06-18,1001,11,hold,0
2025-06-18,1002,134,hold,0
2025-06-18,1003,22,hold,0
2025-06-18,1004,16,hold,0
2025-06-18,1005,78,hold,0
2025-06-18,1006,142,hold,0
2025-06-18,1007,27,hold,0
2025-06-18,1008,75,hold,0
2025-06-18,1009,49,hold,0
2025-06-18,1010,111,hold,0
2025-06-18,1011,53,hold,0
2025-06-18,1012,113,hold,0
2025-06-18,1013,45,hold,0
2025-06-18,1014,215,hold,0
2025-06-18,1015,103,hold,0
2025-06-18,1016,26,hold,0
2025-06-18,1017,148,hold,0
2025-06-18,1018,97,hold,0
2025-06-18,1019,111,hold,0
2025-06-18,1020,103,hold,0
2025-06-18,1021,11,hold,0
2025-06-18,1022,69,hold,0
2025-06-18,1023,44,hold,0
2025-06-18,1024,53,hold,0
2025-06-18,1025,57,hold,0
2025-06-18,1026,75,hold,0
2025-06-18,1027,72,hold,0
2025-06-18,1028,46,hold,0
2025-06-18,1029,35,hold,0
2025-06-18,1030,93,hold,0
2025-06-19,1001,32,replenish,23
2025-06-19,1002,131,hold,0
2025-06-19,1003,18,hold,0
2025-06-19,1004,14,hold,0
2025-06-19,1005,73,hold,0
2025-06-19,1006,139,hold,0
2025-06-19,1007,23,hold,0
2025-06-19,1008,75,hold,0
2025-06-19,1009,48,hold,0
2025-06-19,1010,106,hold,0
2025-06-19,1011,50,hold,0
2025-06-19,1012,112,hold,0
2025-06-19,1013,39,hold,0
2025-06-19,1014,213,hold,0
2025-06-19,1015,102,hold,0
2025-06-19,1016,40,replenish,15
2025-06-19,1017,145,hold,0
2025-06-19,1018,97,hold,0
2025-06-19,1019,107,hold,0
2025-06-19,1020,99,hold,0
2025-06-19,1021,10,hold,0
2025-06-19,1022,99,replenish,31
2025-06-19,1023,43,hold,0
2025-06-19,1024,52,hold,0
2025-06-19,1025,56,hold,0
2025-06-19,1026,71,hold,0
2025-06-19,1027,71,hold,0
2025-06-19,1028,42,hold,0
2025-06-19,1029,32,hold,0
2025-06-19,1030,136,replenish,43
2025-06-20,1001,32,hold,0
2025-06-20,1002,127,hold,0
2025-06-20,1003,15,hold,0
2025-06-20,1004,11,hold,0
2025-06-20,1005,73,hold,0
2025-06-20,1006,137,hold,0
2025-06-20,1007,22,hold,0
2025-06-20,1008,72,hold,0
2025-06-20,1009,46,hold,0
2025-06-20,1010,103,hold,0
2025-06-20,1011,50,hold,0
2025-06-20,1012,109,hold,0
2025-06-20,1013,39,hold,0
2025-06-20,1014,213,hold,0
2025-06-20,1015,100,hold,0
2025-06-20,1016,37,hold,0
2025-06-20,1017,144,hold,0
2025-06-20,1018,96,hold,0
2025-06-20,1019,100,hold,0
2025-06-20,1020,97,hold,0
2025-06-20,1021,75,replenish,69
2025-06-20,1022,117,replenish,20
2025-06-20,1023,41,hold,0
2025-06-20,1024,51,hold,0
2025-06-20,1025,55,hold,0
2025-06-20,1026,100,replenish,30
2025-06-20,1027,71,hold,0
2025-06-20,1028,40,hold,0
2025-06-20,1029,29,hold,0
2025-06-20,1030,135,hold,0
2025-06-21,1001,29,hold,0
2025-06-21,1002,122,hold,0
2025-06-21,1003,14,hold,0
2025-06-21,1004,73,replenish,66
2025-06-21,1005,71,hold,0
2025-06-21,1006,136,hold,0
2025-06-21,1007,21,hold,0
2025-06-21,1008,69,hold,0
2025-06-21,1009,44,hold,0
2025-06-21,1010,103,hold,0
2025-06-21,1011,50,hold,0
2025-06-21,1012,104,hold,0
2025-06-21,1013,36,hold,0
2025-06-21,1014,213,hold,0
2025-06-21,1015,96,hold,0
2025-06-21,1016,35,hold,0
2025-06-21,1017,140,hold,0
2025-06-21,1018,96,hold,0
2025-06-21,1019,96,hold,0
2025-06-21,1020,94,hold,0
2025-06-21,1021,72,hold,0
2025-06-21,1022,114,hold,0
2025-06-21,1023,39,hold,0
2025-06-21,1024,46,hold,0
2025-06-21,1025,52,hold,0
2025-06-21,1026,98,hold,0
2025-06-21,1027,70,hold,0
2025-06-21,1028,40,hold,0
2025-06-21,1029,82,replenish,54
2025-06-21,1030,134,hold,0
2025-06-22,1001,28,hold,0
2025-06-22,1002,122,hold,0
2025-06-22,1003,14,hold,0
2025-06-22,1004,69,hold,0
2025-06-22,1005,68,hold,0
2025-06-22,1006,135,hold,0
2025-06-22,1007,19,hold,0
2025-06-22,1008,64,hold,0
2025-06-22,1009,44,hold,0
2025-06-22,1010,97,hold,0
2025-06-22,1011,46,hold,0
2025-06-22,1012,104,hold,0
2025-06-22,1013,36,hold,0
2025-06-22,1014,212,hold,0
2025-06-22,1015,93,hold,0
2025-06-22,1016,33,hold,0
2025-06-22,1017,138,hold,0
2025-06-22,1018,93,hold,0
2025-06-22,1019,94,hold,0
2025-06-22,1020,94,hold,0
2025-06-22,1021,69,hold,0
2025-06-22,1022,113,hold,0
2025-06-22,1023,37,hold,0
2025-06-22,1024,39,hold,0
2025-06-22,1025,52,hold,0
2025-06-22,1026,98,hold,0
2025-06-22,1027,68,hold,0
2025-06-22,1028,40,hold,0
2025-06-22,1029,79,hold,0
2025-06-22,1030,129,hold,0
2025-06-23,1001,25,hold,0
2025-06-23,1002,116,hold,0
2025-06-23,1003,14,hold,0
2025-06-23,1004,66,hold,0
2025-06-23,1005,65,hold,0
2025-06-23,1006,132,hold,0
2025-06-23,1007,49,replenish,34
2025-06-23,1008,63,hold,0
2025-06-23,1009,43,hold,0
2025-06-23,1010,97,hold,0
2025-06-23,1011,44,hold,0
2025-06-23,1012,103,hold,0
2025-06-23,1013,31,hold,0
2025-06-23,1014,207,hold,0
2025-06-23,1015,93,hold,0
2025-06-23,1016,29,hold,0
2025-06-23,1017,155,replenish,21
2025-06-23,1018,90,hold,0
2025-06-23,1019,94,hold,0
2025-06-23,1020,89,hold,0
2025-06-23,1021,66,hold,0
2025-06-23,1022,156,replenish,45
2025-06-23,1023,35,hold,0
2025-06-23,1024,36,hold,0
2025-06-23,1025,50,hold,0
2025-06-23,1026,96,hold,0
2025-06-23,1027,65,hold,0
2025-06-23,1028,34,hold,0
2025-06-23,1029,75,hold,0
2025-06-23,1030,152,replenish,28
2025-06-24,1001,23,hold,0
2025-06-24,1002,113,hold,0
2025-06-24,1003,14,hold,0
2025-06-24,1004,62,hold,0
2025-06-24,1005,59,hold,0
2025-06-24,1006,128,hold,0
2025-06-24,1007,48,hold,0
2025-06-24,1008,62,hold,0
2025-06-24,1009,43,hold,0
2025-06-24,1010,94,hold,0
2025-06-24,1011,42,hold,0
2025-06-24,1012,100,hold,0
2025-06-24,1013,28,hold,0
2025-06-24,1014,207,hold,0
2025-06-24,1015,93,hold,0
2025-06-24,1016,26,hold,0
2025-06-24,1017,148,hold,0
2025-06-24,1018,85,hold,0
2025-06-24,1019,91,hold,0
2025-06-24,1020,86,hold,0
2025-06-24,1021,62,hold,0
2025-06-24,1022,156,hold,0
2025-06-24,1023,32,hold,0
2025-06-24,1024,35,hold,0
2025-06-24,1025,46,hold,0
2025-06-24,1026,94,hold,0
2025-06-24,1027,63,hold,0
2025-06-24,1028,32,hold,0
2025-06-24,1029,71,hold,0
2025-06-24,1030,151,hold,0
2025-06-25,1001,20,hold,0
2025-06-25,1002,109,hold,0
2025-06-25,1003,10,hold,0
2025-06-25,1004,56,hold,0
2025-06-25,1005,56,hold,0
2025-06-25,1006,126,hold,0
2025-06-25,1007,44,hold,0
2025-06-25,1008,61,hold,0
2025-06-25,1009,37,hold,0
2025-06-25,1010,91,hold,0
2025-06-25,1011,42,hold,0
2025-06-25,1012,97,hold,0
2025-06-25,1013,26,hold,0
2025-06-25,1014,201,hold,0
2025-06-25,1015,89,hold,0
2025-06-25,1016,24,hold,0
2025-06-25,1017,147,hold,0
2025-06-25,1018,85,hold,0
2025-06-25,1019,87,hold,0
2025-06-25,1020,80,hold,0
2025-06-25,1021,61,hold,0
2025-06-25,1022,154,hold,0
2025-06-25,1023,29,hold,0
2025-06-25,1024,33,hold,0
2025-06-25,1025,46,hold,0
2025-06-25,1026,94,hold,0
2025-06-25,1027,60,hold,0
2025-06-25,1028,31,hold,0
2025-06-25,1029,71,hold,0
2025-06-25,1030,151,hold,0
2025-06-26,1001,17,hold,0
2025-06-26,1002,106,hold,0
2025-06-26,1003,58,replenish,50
2025-06-26,1004,56,hold,0
2025-06-26,1005,56,hold,0
2025-06-26,1006,126,hold,0
2025-06-26,1007,43,hold,0
2025-06-26,1008,59,hold,0
2025-06-26,1009,33,hold,0
2025-06-26,1010,91,hold,0
2025-06-26,1011,41,hold,0
2025-06-26,1012,94,hold,0
2025-06-26,1013,23,hold,0
2025-06-26,1014,197,hold,0
2025-06-26,1015,86,hold,0
2025-06-26,1016,23,hold,0
2025-06-26,1017,144,hold,0
2025-06-26,1018,101,replenish,18
2025-06-26,1019,82,hold,0
2025-06-26,1020,80,hold,0
2025-06-26,1021,60,hold,0
2025-06-26,1022,151,hold,0
2025-06-26,1023,25,hold,0
2025-06-26,1024,29,hold,0
2025-06-26,1025,41,hold,0
2025-06-26,1026,94,hold,0
2025-06-26,1027,58,hold,0
2025-06-26,1028,30,hold,0
2025-06-26,1029,67,hold,0
2025-06-26,1030,148,hold,0
2025-06-27,1001,13,hold,0
2025-06-27,1002,101,hold,0
2025-06-27,1003,53,hold,0
2025-06-27,1004,54,hold,0
2025-06-27,1005,52,hold,0
2025-06-27,1006,126,hold,0
2025-06-27,1007,43,hold,0
2025-06-27,1008,55,hold,0
2025-06-27,1009,33,hold,0
2025-06-27,1010,86,hold,0
2025-06-27,1011,40,hold,0
2025-06-27,1012,94,hold,0
2025-06-27,1013,21,hold,0
2025-06-27,1014,197,hold,0
2025-06-27,1015,85,hold,0
2025-06-27,1016,22,hold,0
2025-06-27,1017,141,hold,0
2025-06-27,1018,96,hold,0
2025-06-27,1019,82,hold,0
2025-06-27,1020,76,hold,0
2025-06-27,1021,80,replenish,24
2025-06-27,1022,151,hold,0
2025-06-27,1023,19,hold,0
2025-06-27,1024,22,hold,0
2025-06-27,1025,35,hold,0
2025-06-27,1026,94,hold,0
2025-06-27,1027,57,hold,0
2025-06-27,1028,27,hold,0
2025-06-27,1029,66,hold,0
2025-06-27,1030,147,hold,0
2025-06-28,1001,35,replenish,28
2025-06-28,1002,98,hold,0
2025-06-28,1003,49,hold,0
2025-06-28,1004,51,hold,0
2025-06-28,1005,49,hold,0
2025-06-28,1006,124,hold,0
2025-06-28,1007,40,hold,0
2025-06-28,1008,53,hold,0
2025-06-28,1009,30,hold,0
2025-06-28,1010,86,hold,0
2025-06-28,1011,54,replenish,20
2025-06-28,1012,93,hold,0
2025-06-28,1013,17,hold,0
2025-06-28,1014,196,hold,0
2025-06-28,1015,82,hold,0
2025-06-28,1016,20,hold,0
2025-06-28,1017,137,hold,0
2025-06-28,1018,92,hold,0
2025-06-28,1019,78,hold,0
2025-06-28,1020,72,hold,0
2025-06-28,1021,79,hold,0
2025-06-28,1022,145,hold,0
2025-06-28,1023,13,hold,0
2025-06-28,1024,58,replenish,38
2025-06-28,1025,33,hold,0
2025-06-28,1026,89,hold,0
2025-06-28,1027,53,hold,0
2025-06-28,1028,25,hold,0
2025-06-28,1029,63,hold,0
2025-06-28,1030,146,hold,0
2025-06-29,1001,35,hold,0
2025-06-29,1002,98,hold,0
2025-06-29,1003,48,hold,0
2025-06-29,1004,51,hold,0
2025-06-29,1005,45,hold,0
2025-06-29,1006,120,hold,0
2025-06-29,1007,38,hold,0
2025-06-29,1008,50,hold,0
2025-06-29,1009,27,hold,0
2025-06-29,1010,79,hold,0
2025-06-29,1011,54,hold,0
2025-06-29,1012,93,hold,0
2025-06-29,1013,86,replenish,69
2025-06-29,1014,193,hold,0
2025-06-29,1015,82,hold,0
2025-06-29,1016,18,hold,0
2025-06-29,1017,136,hold,0
2025-06-29,1018,86,hold,0
2025-06-29,1019,77,hold,0
2025-06-29,1020,66,hold,0
2025-06-29,1021,77,hold,0
2025-06-29,1022,142,hold,0
2025-06-29,1023,42,replenish,35
2025-06-29,1024,123,replenish,66
2025-06-29,1025,31,hold,0
2025-06-29,1026,88,hold,0
2025-06-29,1027,51,hold,0
2025-06-29,1028,22,hold,0
2025-06-29,1029,60,hold,0
2025-06-29,1030,144,hold,0
2025-06-30,1001,34,hold,0
2025-06-30,1002,98,hold,0
2025-06-30,1003,46,hold,0
2025-06-30,1004,49,hold,0
2025-06-30,1005,45,hold,0
2025-06-30,1006,117,hold,0
2025-06-30,1007,37,hold,0
2025-06-30,1008,46,hold,0
2025-06-30,1009,25,hold,0
2025-06-30,1010,76,hold,0
2025-06-30,1011,52,hold,0
2025-06-30,1012,92,hold,0
2025-06-30,1013,86,hold,0
2025-06-30,1014,191,hold,0
2025-06-30,1015,82,hold,0
2025-06-30,1016,13,hold,0
2025-06-30,1017,133,hold,0
2025-06-30,1018,84,hold,0
2025-06-30,1019,76,hold,0
2025-06-30,1020,63,hold,0
2025-06-30,1021,73,hold,0
2025-06-30,1022,141,hold,0
2025-06-30,1023,37,hold,0
2025-06-30,1024,123,hold,0
2025-06-30,1025,24,hold,0
2025-06-30,1026,88,hold,0
2025-06-30,1027,47,hold,0
2025-06-30,1028,18,hold,0
2025-06-30,1029,60,hold,0
2025-06-30,1030,141,hold,0
2025-07-01,1001,29,hold,0
2025-07-01,1002,94,hold,0
2025-07-01,1003,44,hold,0
2025-07-01,1004,43,hold,0
2025-07-01,1005,43,hold,0
2025-07-01,1006,116,hold,0
2025-07-01,1007,37,hold,0
2025-07-01,1008,41,hold,0
2025-07-01,1009,25,hold,0
2025-07-01,1010,76,hold,0
2025-07-01,1011,50,hold,0
2025-07-01,1012,89,hold,0
2025-07-01,1013,84,hold,0
2025-07-01,1014,187,hold,0
2025-07-01,1015,82,hold,0
2025-07-01,1016,11,hold,0
2025-07-01,1017,129,hold,0
2025-07-01,1018,84,hold,0
2025-07-01,1019,71,hold,0
2025-07-01,1020,63,hold,0
2025-07-01,1021,69,hold,0
2025-07-01,1022,141,hold,0
2025-07-01,1023,34,hold,0
2025-07-01,1024,123,hold,0
2025-07-01,1025,19,hold,0
2025-07-01,1026,154,replenish,69
2025-07-01,1027,42,hold,0
2025-07-01,1028,15,hold,0
2025-07-01,1029,55,hold,0
2025-07-01,1030,137,hold,0
2025-07-02,1001,24,hold,0
2025-07-02,1002,89,hold,0
2025-07-02,1003,40,hold,0
2025-07-02,1004,41,hold,0
2025-07-02,1005,42,hold,0
2025-07-02,1006,115,hold,0
2025-07-02,1007,34,hold,0
2025-07-02,1008,37,hold,0
2025-07-02,1009,24,hold,0
2025-07-02,1010,75,hold,0
2025-07-02,1011,46,hold,0
2025-07-02,1012,86,hold,0
2025-07-02,1013,81,hold,0
2025-07-02,1014,185,hold,0
2025-07-02,1015,80,hold,0
2025-07-02,1016,11,hold,0
2025-07-02,1017,151,replenish,27
2025-07-02,1018,83,hold,0
2025-07-02,1019,142,replenish,71
2025-07-02,1020,62,hold,0
2025-07-02,1021,64,hold,0
2025-07-02,1022,139,hold,0
2025-07-02,1023,108,replenish,78
2025-07-02,1024,123,hold,0
2025-07-02,1025,16,hold,0
2025-07-02,1026,154,hold,0
2025-07-02,1027,42,hold,0
2025-07-02,1028,13,hold,0
2025-07-02,1029,53,hold,0
2025-07-02,1030,132,hold,0
2025-07-03,1001,23,hold,0
2025-07-03,1002,89,hold,0
2025-07-03,1003,40,hold,0
2025-07-03,1004,41,hold,0
2025-07-03,1005,38,hold,0
2025-07-03,1006,114,hold,0
2025-07-03,1007,32,hold,0
2025-07-03,1008,32,hold,0
2025-07-03,1009,20,hold,0
2025-07-03,1010,75,hold,0
2025-07-03,1011,44,hold,0
2025-07-03,1012,86,hold,0
2025-07-03,1013,75,hold,0
2025-07-03,1014,179,hold,0
2025-07-03,1015,80,hold,0
2025-07-03,1016,29,replenish,20
2025-07-03,1017,151,hold,0
2025-07-03,1018,78,hold,0
2025-07-03,1019,139,hold,0
2025-07-03,1020,58,hold,0
2025-07-03,1021,62,hold,0
2025-07-03,1022,137,hold,0
2025-07-03,1023,106,hold,0
2025-07-03,1024,118,hold,0
2025-07-03,1025,76,replenish,62
2025-07-03,1026,153,hold,0
2025-07-03,1027,41,hold,0
2025-07-03,1028,69,replenish,62
2025-07-03,1029,47,hold,0
2025-07-03,1030,130,hold,0
2025-07-04,1001,22,hold,0
2025-07-04,1002,88,hold,0
2025-07-04,1003,36,hold,0
2025-07-04,1004,38,hold,0
2025-07-04,1005,34,hold,0
2025-07-04,1006,114,hold,0
2025-07-04,1007,29,hold,0
2025-07-04,1008,31,hold,0
2025-07-04,1009,18,hold,0
2025-07-04,1010,71,hold,0
2025-07-04,1011,43,hold,0
2025-07-04,1012,84,hold,0
2025-07-04,1013,70,hold,0
2025-07-04,1014,177,hold,0
2025-07-04,1015,80,hold,0
2025-07-04,1016,24,hold,0
2025-07-04,1017,147,hold,0
2025-07-04,1018,76,hold,0
2025-07-04,1019,137,hold,0
2025-07-04,1020,79,replenish,24
2025-07-04,1021,57,hold,0
2025-07-04,1022,132,hold,0
2025-07-04,1023,104,hold,0
2025-07-04,1024,116,hold,0
2025-07-04,1025,72,hold,0
2025-07-04,1026,152,hold,0
2025-07-04,1027,41,hold,0
2025-07-04,1028,67,hold,0
2025-07-04,1029,45,hold,0
2025-07-04,1030,130,hold,0
2025-07-05,1001,17,hold,0
2025-07-05,1002,83,hold,0
2025-07-05,1003,33,hold,0
2025-07-05,1004,33,hold,0
2025-07-05,1005,30,hold,0
2025-07-05,1006,111,hold,0
2025-07-05,1007,28,hold,0
2025-07-05,1008,26,hold,0
2025-07-05,1009,14,hold,0
2025-07-05,1010,65,hold,0
2025-07-05,1011,37,hold,0
2025-07-05,1012,79,hold,0
2025-07-05,1013,66,hold,0
2025-07-05,1014,175,hold,0
2025-07-05,1015,78,hold,0
2025-07-05,1016,21,hold,0
2025-07-05,1017,144,hold,0
2025-07-05,1018,74,hold,0
2025-07-05,1019,133,hold,0
2025-07-05,1020,78,hold,0
2025-07-05,1021,57,hold,0
2025-07-05,1022,130,hold,0
2025-07-05,1023,103,hold,0
2025-07-05,1024,113,hold,0
2025-07-05,1025,63,hold,0
2025-07-05,1026,151,hold,0
2025-07-05,1027,41,hold,0
2025-07-05,1028,65,hold,0
2025-07-05,1029,55,replenish,15
2025-07-05,1030,129,hold,0
2025-07-06,1001,15,hold,0
2025-07-06,1002,81,hold,0
2025-07-06,1003,33,hold,0
2025-07-06,1004,26,hold,0
2025-07-06,1005,27,hold,0
2025-07-06,1006,140,replenish,31
2025-07-06,1007,102,replenish,79
2025-07-06,1008,26,hold,0
2025-07-06,1009,11,hold,0
2025-07-06,1010,65,hold,0
2025-07-06,1011,37,hold,0
2025-07-06,1012,94,replenish,15
2025-07-06,1013,63,hold,0
2025-07-06,1014,174,hold,0
2025-07-06,1015,74,hold,0
2025-07-06,1016,20,hold,0
2025-07-06,1017,141,hold,0
2025-07-06,1018,72,hold,0
2025-07-06,1019,130,hold,0
2025-07-06,1020,77,hold,0
2025-07-06,1021,102,replenish,49
2025-07-06,1022,127,hold,0
2025-07-06,1023,103,hold,0
2025-07-06,1024,112,hold,0
2025-07-06,1025,63,hold,0
2025-07-06,1026,148,hold,0
2025-07-06,1027,41,hold,0
2025-07-06,1028,64,hold,0
2025-07-06,1029,52,hold,0
2025-07-06,1030,129,hold,0
2025-07-07,1001,13,hold,0
2025-07-07,1002,81,hold,0
2025-07-07,1003,30,hold,0
2025-07-07,1004,24,hold,0
2025-07-07,1005,27,hold,0
2025-07-07,1006,140,hold,0
2025-07-07,1007,101,hold,0
2025-07-07,1008,23,hold,0
2025-07-07,1009,71,replenish,62
2025-07-07,1010,60,hold,0
2025-07-07,1011,32,hold,0
2025-07-07,1012,89,hold,0
2025-07-07,1013,57,hold,0
2025-07-07,1014,167,hold,0
2025-07-07,1015,72,hold,0
2025-07-07,1016,20,hold,0
2025-07-07,1017,140,hold,0
2025-07-07,1018,68,hold,0
2025-07-07,1019,127,hold,0
2025-07-07,1020,74,hold,0
2025-07-07,1021,97,hold,0
2025-07-07,1022,124,hold,0
2025-07-07,1023,99,hold,0
2025-07-07,1024,112,hold,0
2025-07-07,1025,61,hold,0
2025-07-07,1026,145,hold,0
2025-07-07,1027,37,hold,0
2025-07-07,1028,63,hold,0
2025-07-07,1029,50,hold,0
2025-07-07,1030,124,hold,0
2025-07-08,1001,12,hold,0
2025-07-08,1002,92,replenish,16
2025-07-08,1003,26,hold,0
2025-07-08,1004,23,hold,0
2025-07-08,1005,93,replenish,66
2025-07-08,1006,138,hold,0
2025-07-08,1007,99,hold,0
2025-07-08,1008,20,hold,0
2025-07-08,1009,67,hold,0
2025-07-08,1010,57,hold,0
2025-07-08,1011,32,hold,0
2025-07-08,1012,85,hold,0
2025-07-08,1013,57,hold,0
2025-07-08,1014,165,hold,0
2025-07-08,1015,68,hold,0
2025-07-08,1016,18,hold,0
2025-07-08,1017,135,hold,0
2025-07-08,1018,65,hold,0
2025-07-08,1019,126,hold,0
2025-07-08,1020,70,hold,0
2025-07-08,1021,94,hold,0
2025-07-08,1022,118,hold,0
2025-07-08,1023,97,hold,0
2025-07-08,1024,112,hold,0
2025-07-08,1025,60,hold,0
2025-07-08,1026,143,hold,0
2025-07-08,1027,35,hold,0
2025-07-08,1028,60,hold,0
2025-07-08,1029,45,hold,0
2025-07-08,1030,124,hold,0
2025-07-09,1001,58,replenish,49
2025-07-09,1002,90,hold,0
2025-07-09,1003,25,hold,0
2025-07-09,1004,18,hold,0
2025-07-09,1005,89,hold,0
2025-07-09,1006,132,hold,0
2025-07-09,1007,97,hold,0
2025-07-09,1008,17,hold,0
2025-07-09,1009,65,hold,0
2025-07-09,1010,109,replenish,55
2025-07-09,1011,54,replenish,23
2025-07-09,1012,84,hold,0
2025-07-09,1013,52,hold,0
2025-07-09,1014,213,replenish,48
2025-07-09,1015,66,hold,0
2025-07-09,1016,14,hold,0
2025-07-09,1017,135,hold,0
2025-07-09,1018,62,hold,0
2025-07-09,1019,123,hold,0
2025-07-09,1020,88,replenish,25
2025-07-09,1021,94,hold,0
2025-07-09,1022,117,hold,0
2025-07-09,1023,96,hold,0
2025-07-09,1024,110,hold,0
2025-07-09,1025,57,hold,0
2025-07-09,1026,141,hold,0
2025-07-09,1027,34,hold,0
2025-07-09,1028,60,hold,0
2025-07-09,1029,45,hold,0
2025-07-09,1030,122,hold,0
2025-07-10,1001,57,hold,0
2025-07-10,1002,85,hold,0
2025-07-10,1003,25,hold,0
2025-07-10,1004,14,hold,0
2025-07-10,1005,88,hold,0
2025-07-10,1006,126,hold,0
2025-07-10,1007,96,hold,0
2025-07-10,1008,15,hold,0
2025-07-10,1009,61,hold,0
2025-07-10,1010,109,hold,0
2025-07-10,1011,51,hold,0
2025-07-10,1012,83,hold,0
2025-07-10,1013,52,hold,0
2025-07-10,1014,211,hold,0
2025-07-10,1015,62,hold,0
2025-07-10,1016,13,hold,0
2025-07-10,1017,130,hold,0
2025-07-10,1018,57,hold,0
2025-07-10,1019,120,hold,0
2025-07-10,1020,87,hold,0
2025-07-10,1021,92,hold,0
2025-07-10,1022,113,hold,0
2025-07-10,1023,92,hold,0
2025-07-10,1024,105,hold,0
2025-07-10,1025,55,hold,0
2025-07-10,1026,137,hold,0
2025-07-10,1027,30,hold,0
2025-07-10,1028,113,replenish,54
2025-07-10,1029,43,hold,0
2025-07-10,1030,122,hold,0
2025-07-11,1001,54,hold,0
2025-07-11,1002,85,hold,0
2025-07-11,1003,21,hold,0
2025-07-11,1004,13,hold,0
2025-07-11,1005,88,hold,0
2025-07-11,1006,124,hold,0
2025-07-11,1007,91,hold,0
2025-07-11,1008,12,hold,0
2025-07-11,1009,58,hold,0
2025-07-11,1010,107,hold,0
2025-07-11,1011,48,hold,0
2025-07-11,1012,78,hold,0
2025-07-11,1013,49,hold,0
2025-07-11,1014,207,hold,0
2025-07-11,1015,58,hold,0
2025-07-11,1016,10,hold,0
2025-07-11,1017,128,hold,0
2025-07-11,1018,56,hold,0
2025-07-11,1019,115,hold,0
2025-07-11,1020,80,hold,0
2025-07-11,1021,87,hold,0
2025-07-11,1022,110,hold,0
2025-07-11,1023,91,hold,0
2025-07-11,1024,105,hold,0
2025-07-11,1025,54,hold,0
2025-07-11,1026,137,hold,0
2025-07-11,1027,82,replenish,57
2025-07-11,1028,110,hold,0
2025-07-11,1029,37,hold,0
2025-07-11,1030,119,hold,0
2025-07-12,1001,54,hold,0
2025-07-12,1002,81,hold,0
2025-07-12,1003,20,hold,0
2025-07-12,1004,13,hold,0
2025-07-12,1005,87,hold,0
2025-07-12,1006,121,hold,0
2025-07-12,1007,86,hold,0
2025-07-12,1008,88,replenish,79
2025-07-12,1009,56,hold,0
2025-07-12,1010,102,hold,0
2025-07-12,1011,44,hold,0
2025-07-12,1012,76,hold,0
2025-07-12,1013,46,hold,0
2025-07-12,1014,230,replenish,23
2025-07-12,1015,58,hold,0
2025-07-12,1016,85,replenish,77
2025-07-12,1017,126,hold,0
2025-07-12,1018,54,hold,0
2025-07-12,1019,113,hold,0
2025-07-12,1020,74,hold,0
2025-07-12,1021,86,hold,0
2025-07-12,1022,107,hold,0
2025-07-12,1023,89,hold,0
2025-07-12,1024,102,hold,0
2025-07-12,1025,48,hold,0
2025-07-12,1026,133,hold,0
2025-07-12,1027,80,hold,0
2025-07-12,1028,106,hold,0
2025-07-12,1029,36,hold,0
2025-07-12,1030,119,hold,0
2025-07-13,1001,49,hold,0
2025-07-13,1002,80,hold,0
2025-07-13,1003,18,hold,0
2025-07-13,1004,72,replenish,64
2025-07-13,1005,83,hold,0
2025-07-13,1006,121,hold,0
2025-07-13,1007,81,hold,0
2025-07-13,1008,85,hold,0
2025-07-13,1009,51,hold,0
2025-07-13,1010,102,hold,0
2025-07-13,1011,44,hold,0
2025-07-13,1012,74,hold,0
2025-07-13,1013,41,hold,0
2025-07-13,1014,230,hold,0
2025-07-13,1015,54,hold,0
2025-07-13,1016,84,hold,0
2025-07-13,1017,123,hold,0
2025-07-13,1018,51,hold,0
2025-07-13,1019,113,hold,0
2025-07-13,1020,74,hold,0
2025-07-13,1021,85,hold,0
2025-07-13,1022,105,hold,0
2025-07-13,1023,88,hold,0
2025-07-13,1024,100,hold,0
2025-07-13,1025,46,hold,0
2025-07-13,1026,133,hold,0
2025-07-13,1027,80,hold,0
2025-07-13,1028,103,hold,0
2025-07-13,1029,28,hold,0
2025-07-13,1030,117,hold,0
2025-07-14,1001,45,hold,0
2025-07-14,1002,77,hold,0
2025-07-14,1003,15,hold,0
2025-07-14,1004,69,hold,0
2025-07-14,1005,79,hold,0
2025-07-14,1006,118,hold,0
2025-07-14,1007,74,hold,0
2025-07-14,1008,80,hold,0
2025-07-14,1009,50,hold,0
2025-07-14,1010,101,hold,0
2025-07-14,1011,41,hold,0
2025-07-14,1012,67,hold,0
2025-07-14,1013,39,hold,0
2025-07-14,1014,228,hold,0
2025-07-14,1015,50,hold,0
2025-07-14,1016,80,hold,0
2025-07-14,1017,119,hold,0
2025-07-14,1018,51,hold,0
2025-07-14,1019,111,hold,0
2025-07-14,1020,71,hold,0
2025-07-14,1021,80,hold,0
2025-07-14,1022,105,hold,0
2025-07-14,1023,88,hold,0
2025-07-14,1024,93,hold,0
2025-07-14,1025,42,hold,0
2025-07-14,1026,201,replenish,73
2025-07-14,1027,80,hold,0
2025-07-14,1028,101,hold,0
2025-07-14,1029,23,hold,0
2025-07-14,1030,115,hold,0
2025-07-15,1001,43,hold,0
2025-07-15,1002,76,hold,0
2025-07-15,1003,13,hold,0
2025-07-15,1004,64,hold,0
2025-07-15,1005,75,hold,0
2025-07-15,1006,114,hold,0
2025-07-15,1007,71,hold,0
2025-07-15,1008,76,hold,0
2025-07-15,1009,48,hold,0
2025-07-15,1010,98,hold,0
2025-07-15,1011,90,replenish,52
2025-07-15,1012,67,hold,0
2025-07-15,1013,38,hold,0
2025-07-15,1014,228,hold,0
2025-07-15,1015,44,hold,0
2025-07-15,1016,79,hold,0
2025-07-15,1017,117,hold,0
2025-07-15,1018,49,hold,0
2025-07-15,1019,108,hold,0
2025-07-15,1020,69,hold,0
2025-07-15,1021,79,hold,0
2025-07-15,1022,102,hold,0
2025-07-15,1023,84,hold,0
2025-07-15,1024,91,hold,0
2025-07-15,1025,39,hold,0
2025-07-15,1026,201,hold,0
2025-07-15,1027,79,hold,0
2025-07-15,1028,147,replenish,50
2025-07-15,1029,54,replenish,31
2025-07-15,1030,115,hold,0
2025-07-16,1001,40,hold,0
2025-07-16,1002,75,hold,0
2025-07-16,1003,11,hold,0
2025-07-16,1004,63,hold,0
2025-07-16,1005,71,hold,0
2025-07-16,1006,113,hold,0
2025-07-16,1007,70,hold,0
2025-07-16,1008,73,hold,0
2025-07-16,1009,45,hold,0
2025-07-16,1010,95,hold,0
2025-07-16,1011,90,hold,0
2025-07-16,1012,62,hold,0
2025-07-16,1013,33,hold,0
2025-07-16,1014,224,hold,0
2025-07-16,1015,43,hold,0
2025-07-16,1016,75,hold,0
2025-07-16,1017,117,hold,0
2025-07-16,1018,47,hold,0
2025-07-16,1019,105,hold,0
2025-07-16,1020,69,hold,0
2025-07-16,1021,73,hold,0
2025-07-16,1022,99,hold,0
2025-07-16,1023,82,hold,0
2025-07-16,1024,90,hold,0
2025-07-16,1025,38,hold,0
2025-07-16,1026,201,hold,0
2025-07-16,1027,75,hold,0
2025-07-16,1028,145,hold,0
2025-07-16,1029,48,hold,0
2025-07-16,1030,114,hold,0
2025-07-17,1001,38,hold,0
2025-07-17,1002,73,hold,0
2025-07-17,1003,35,replenish,28
2025-07-17,1004,60,hold,0
2025-07-17,1005,69,hold,0
2025-07-17,1006,109,hold,0
2025-07-17,1007,66,hold,0
2025-07-17,1008,71,hold,0
2025-07-17,1009,44,hold,0
2025-07-17,1010,92,hold,0
2025-07-17,1011,90,hold,0
2025-07-17,1012,59,hold,0
2025-07-17,1013,31,hold,0
2025-07-17,1014,224,hold,0
2025-07-17,1015,40,hold,0
2025-07-17,1016,75,hold,0
2025-07-17,1017,115,hold,0
2025-07-17,1018,44,hold,0
2025-07-17,1019,100,hold,0
2025-07-17,1020,61,hold,0
2025-07-17,1021,72,hold,0
2025-07-17,1022,96,hold,0
2025-07-17,1023,114,replenish,32
2025-07-17,1024,87,hold,0
2025-07-17,1025,31,hold,0
2025-07-17,1026,201,hold,0
2025-07-17,1027,72,hold,0
2025-07-17,1028,144,hold,0
2025-07-17,1029,44,hold,0
2025-07-17,1030,111,hold,0
2025-07-18,1001,35,hold,0
2025-07-18,1002,70,hold,0
2025-07-18,1003,34,hold,0
2025-07-18,1004,57,hold,0
2025-07-18,1005,67,hold,0
2025-07-18,1006,103,hold,0
2025-07-18,1007,58,hold,0
2025-07-18,1008,69,hold,0
2025-07-18,1009,40,hold,0
2025-07-18,1010,85,hold,0
2025-07-18,1011,90,hold,0
2025-07-18,1012,57,hold,0
2025-07-18,1013,25,hold,0
2025-07-18,1014,223,hold,0
2025-07-18,1015,35,hold,0
2025-07-18,1016,75,hold,0
2025-07-18,1017,113,hold,0
2025-07-18,1018,44,hold,0
2025-07-18,1019,95,hold,0
2025-07-18,1020,58,hold,0
2025-07-18,1021,72,hold,0
2025-07-18,1022,93,hold,0
2025-07-18,1023,113,hold,0
2025-07-18,1024,84,hold,0
2025-07-18,1025,31,hold,0
2025-07-18,1026,200,hold,0
2025-07-18,1027,67,hold,0
2025-07-18,1028,138,hold,0
2025-07-18,1029,41,hold,0
2025-07-18,1030,107,hold,0
2025-07-19,1001,33,hold,0
2025-07-19,1002,69,hold,0
2025-07-19,1003,52,replenish,20
2025-07-19,1004,55,hold,0
2025-07-19,1005,64,hold,0
2025-07-19,1006,103,hold,0
2025-07-19,1007,58,hold,0
2025-07-19,1008,67,hold,0
2025-07-19,1009,38,hold,0
2025-07-19,1010,83,hold,0
2025-07-19,1011,90,hold,0
2025-07-19,1012,90,replenish,35
2025-07-19,1013,19,hold,0
2025-07-19,1014,219,hold,0
2025-07-19,1015,34,hold,0
2025-07-19,1016,73,hold,0
2025-07-19,1017,111,hold,0
2025-07-19,1018,41,hold,0
2025-07-19,1019,95,hold,0
2025-07-19,1020,56,hold,0
2025-07-19,1021,65,hold,0
2025-07-19,1022,91,hold,0
2025-07-19,1023,113,hold,0
2025-07-19,1024,77,hold,0
2025-07-19,1025,28,hold,0
2025-07-19,1026,199,hold,0
2025-07-19,1027,63,hold,0
2025-07-19,1028,138,hold,0
2025-07-19,1029,40,hold,0
2025-07-19,1030,103,hold,0
2025-07-20,1001,29,hold,0
2025-07-20,1002,69,hold,0
2025-07-20,1003,46,hold,0
2025-07-20,1004,50,hold,0
2025-07-20,1005,59,hold,0
2025-07-20,1006,99,hold,0
2025-07-20,1007,54,hold,0
2025-07-20,1008,64,hold,0
2025-07-20,1009,35,hold,0
2025-07-20,1010,82,hold,0
2025-07-20,1011,115,replenish,29
2025-07-20,1012,85,hold,0
2025-07-20,1013,18,hold,0
2025-07-20,1014,218,hold,0
2025-07-20,1015,32,hold,0
2025-07-20,1016,67,hold,0
2025-07-20,1017,106,hold,0
2025-07-20,1018,39,hold,0
2025-07-20,1019,95,hold,0
2025-07-20,1020,54,hold,0
2025-07-20,1021,60,hold,0
2025-07-20,1022,90,hold,0
2025-07-20,1023,109,hold,0
2025-07-20,1024,77,hold,0
2025-07-20,1025,23,hold,0
2025-07-20,1026,196,hold,0
2025-07-20,1027,61,hold,0
2025-07-20,1028,136,hold,0
2025-07-20,1029,35,hold,0
2025-07-20,1030,103,hold,0
2025-07-21,1001,21,hold,0
2025-07-21,1002,67,hold,0
2025-07-21,1003,42,hold,0
2025-07-21,1004,48,hold,0
2025-07-21,1005,77,replenish,20
2025-07-21,1006,97,hold,0
2025-07-21,1007,49,hold,0
2025-07-21,1008,60,hold,0
2025-07-21,1009,33,hold,0
2025-07-21,1010,81,hold,0
2025-07-21,1011,110,hold,0
2025-07-21,1012,83,hold,0
2025-07-21,1013,16,hold,0
2025-07-21,1014,209,hold,0
2025-07-21,1015,26,hold,0
2025-07-21,1016,65,hold,0
2025-07-21,1017,102,hold,0
2025-07-21,1018,37,hold,0
2025-07-21,1019,110,replenish,15
2025-07-21,1020,52,hold,0
2025-07-21,1021,53,hold,0
2025-07-21,1022,90,hold,0
2025-07-21,1023,106,hold,0
2025-07-21,1024,77,hold,0
2025-07-21,1025,19,hold,0
2025-07-21,1026,225,replenish,34
2025-07-21,1027,59,hold,0
2025-07-21,1028,134,hold,0
2025-07-21,1029,32,hold,0
2025-07-21,1030,152,replenish,50
2025-07-22,1001,18,hold,0
2025-07-22,1002,67,hold,0
2025-07-22,1003,37,hold,0
2025-07-22,1004,43,hold,0
2025-07-22,1005,73,hold,0
2025-07-22,1006,95,hold,0
2025-07-22,1007,47,hold,0
2025-07-22,1008,55,hold,0
2025-07-22,1009,74,replenish,43
2025-07-22,1010,77,hold,0
2025-07-22,1011,110,hold,0
2025-07-22,1012,83,hold,0
2025-07-22,1013,15,hold,0
2025-07-22,1014,209,hold,0
2025-07-22,1015,23,hold,0
2025-07-22,1016,97,replenish,34
2025-07-22,1017,94,hold,0
2025-07-22,1018,35,hold,0
2025-07-22,1019,107,hold,0
2025-07-22,1020,52,hold,0
2025-07-22,1021,50,hold,0
2025-07-22,1022,90,hold,0
2025-07-22,1023,106,hold,0
2025-07-22,1024,77,hold,0
2025-07-22,1025,18,hold,0
2025-07-22,1026,216,hold,0
2025-07-22,1027,57,hold,0
2025-07-22,1028,132,hold,0
2025-07-22,1029,26,hold,0
2025-07-22,1030,149,hold,0
2025-07-23,1001,13,hold,0
2025-07-23,1002,64,hold,0
2025-07-23,1003,34,hold,0
2025-07-23,1004,41,hold,0
2025-07-23,1005,70,hold,0
2025-07-23,1006,89,hold,0
2025-07-23,1007,46,hold,0
2025-07-23,1008,130,replenish,75
2025-07-23,1009,73,hold,0
2025-07-23,1010,72,hold,0
2025-07-23,1011,108,hold,0
2025-07-23,1012,80,hold,0
2025-07-23,1013,11,hold,0
2025-07-23,1014,208,hold,0
2025-07-23,1015,18,hold,0
2025-07-23,1016,94,hold,0
2025-07-23,1017,93,hold,0
2025-07-23,1018,34,hold,0
2025-07-23,1019,162,replenish,58
2025-07-23,1020,52,hold,0
2025-07-23,1021,45,hold,0
2025-07-23,1022,86,hold,0
2025-07-23,1023,104,hold,0
2025-07-23,1024,76,hold,0
2025-07-23,1025,14,hold,0
2025-07-23,1026,213,hold,0
2025-07-23,1027,54,hold,0
2025-07-23,1028,125,hold,0
2025-07-23,1029,21,hold,0
2025-07-23,1030,147,hold,0
2025-07-24,1001,42,replenish,29
2025-07-24,1002,61,hold,0
2025-07-24,1003,78,replenish,50
2025-07-24,1004,37,hold,0
2025-07-24,1005,67,hold,0
2025-07-24,1006,89,hold,0
2025-07-24,1007,37,hold,0
2025-07-24,1008,129,hold,0
2025-07-24,1009,71,hold,0
2025-07-24,1010,68,hold,0
2025-07-24,1011,105,hold,0
2025-07-24,1012,78,hold,0
2025-07-24,1013,66,replenish,58
2025-07-24,1014,208,hold,0
2025-07-24,1015,14,hold,0
2025-07-24,1016,90,hold,0
2025-07-24,1017,89,hold,0
2025-07-24,1018,29,hold,0
2025-07-24,1019,233,replenish,74
2025-07-24,1020,49,hold,0
2025-07-24,1021,43,hold,0
2025-07-24,1022,82,hold,0
2025-07-24,1023,103,hold,0
2025-07-24,1024,72,hold,0
2025-07-24,1025,11,hold,0
2025-07-24,1026,210,hold,0
2025-07-24,1027,50,hold,0
2025-07-24,1028,118,hold,0
2025-07-24,1029,19,hold,0
2025-07-24,1030,145,hold,0
2025-07-25,1001,42,hold,0
2025-07-25,1002,60,hold,0
2025-07-25,1003,78,hold,0
2025-07-25,1004,33,hold,0
2025-07-25,1005,63,hold,0
2025-07-25,1006,87,hold,0
2025-07-25,1007,36,hold,0
2025-07-25,1008,124,hold,0
2025-07-25,1009,70,hold,0
2025-07-25,1010,68,hold,0
2025-07-25,1011,105,hold,0
2025-07-25,1012,76,hold,0
2025-07-25,1013,66,hold,0
2025-07-25,1014,206,hold,0
2025-07-25,1015,10,hold,0
2025-07-25,1016,83,hold,0
2025-07-25,1017,89,hold,0
2025-07-25,1018,25,hold,0
2025-07-25,1019,230,hold,0
2025-07-25,1020,47,hold,0
2025-07-25,1021,43,hold,0
2025-07-25,1022,79,hold,0
2025-07-25,1023,152,replenish,52
2025-07-25,1024,69,hold,0
2025-07-25,1025,11,hold,0
2025-07-25,1026,207,hold,0
2025-07-25,1027,50,hold,0
2025-07-25,1028,113,hold,0
2025-07-25,1029,18,hold,0
2025-07-25,1030,141,hold,0
2025-07-26,1001,38,hold,0
2025-07-26,1002,59,hold,0
2025-07-26,1003,73,hold,0
2025-07-26,1004,33,hold,0
2025-07-26,1005,62,hold,0
2025-07-26,1006,85,hold,0
2025-07-26,1007,35,hold,0
2025-07-26,1008,153,replenish,36
2025-07-26,1009,64,hold,0
2025-07-26,1010,67,hold,0
2025-07-26,1011,101,hold,0
2025-07-26,1012,75,hold,0
2025-07-26,1013,62,hold,0
2025-07-26,1014,206,hold,0
2025-07-26,1015,87,replenish,79
2025-07-26,1016,83,hold,0
2025-07-26,1017,88,hold,0
2025-07-26,1018,23,hold,0
2025-07-26,1019,227,hold,0
2025-07-26,1020,44,hold,0
2025-07-26,1021,40,hold,0
2025-07-26,1022,75,hold,0
2025-07-26,1023,152,hold,0
2025-07-26,1024,66,hold,0
2025-07-26,1025,64,replenish,56
2025-07-26,1026,202,hold,0
2025-07-26,1027,49,hold,0
2025-07-26,1028,109,hold,0
2025-07-26,1029,42,replenish,26
2025-07-26,1030,135,hold,0
2025-07-27,1001,38,hold,0
2025-07-27,1002,55,hold,0
2025-07-27,1003,68,hold,0
2025-07-27,1004,33,hold,0
2025-07-27,1005,62,hold,0
2025-07-27,1006,84,hold,0
2025-07-27,1007,31,hold,0
2025-07-27,1008,153,hold,0
2025-07-27,1009,62,hold,0
2025-07-27,1010,67,hold,0
2025-07-27,1011,96,hold,0
2025-07-27,1012,70,hold,0
2025-07-27,1013,60,hold,0
2025-07-27,1014,202,hold,0
2025-07-27,1015,85,hold,0
2025-07-27,1016,81,hold,0
2025-07-27,1017,87,hold,0
2025-07-27,1018,20,hold,0
2025-07-27,1019,226,hold,0
2025-07-27,1020,38,hold,0
2025-07-27,1021,36,hold,0
2025-07-27,1022,71,hold,0
2025-07-27,1023,147,hold,0
2025-07-27,1024,132,replenish,68
2025-07-27,1025,64,hold,0
2025-07-27,1026,198,hold,0
2025-07-27,1027,45,hold,0
2025-07-27,1028,109,hold,0
2025-07-27,1029,39,hold,0
2025-07-27,1030,132,hold,0
2025-07-28,1001,38,hold,0
2025-07-28,1002,55,hold,0
2025-07-28,1003,68,hold,0
2025-07-28,1004,31,hold,0
2025-07-28,1005,57,hold,0
2025-07-28,1006,83,hold,0
2025-07-28,1007,25,hold,0
2025-07-28,1008,150,hold,0
2025-07-28,1009,58,hold,0
2025-07-28,1010,62,hold,0
2025-07-28,1011,95,hold,0
2025-07-28,1012,67,hold,0
2025-07-28,1013,59,hold,0
2025-07-28,1014,200,hold,0
2025-07-28,1015,79,hold,0
2025-07-28,1016,79,hold,0
2025-07-28,1017,122,replenish,36
2025-07-28,1018,17,hold,0
2025-07-28,1019,267,replenish,43
2025-07-28,1020,33,hold,0
2025-07-28,1021,35,hold,0
2025-07-28,1022,68,hold,0
2025-07-28,1023,145,hold,0
2025-07-28,1024,131,hold,0
2025-07-28,1025,63,hold,0
2025-07-28,1026,196,hold,0
2025-07-28,1027,42,hold,0
2025-07-28,1028,109,hold,0
2025-07-28,1029,35,hold,0
2025-07-28,1030,130,hold,0
2025-07-29,1001,35,hold,0
2025-07-29,1002,52,hold,0
2025-07-29,1003,65,hold,0
2025-07-29,1004,31,hold,0
2025-07-29,1005,54,hold,0
2025-07-29,1006,80,hold,0
2025-07-29,1007,22,hold,0
2025-07-29,1008,220,replenish,71
2025-07-29,1009,57,hold,0
2025-07-29,1010,61,hold,0
2025-07-29,1011,94,hold,0
2025-07-29,1012,64,hold,0
2025-07-29,1013,55,hold,0
2025-07-29,1014,197,hold,0
2025-07-29,1015,76,hold,0
2025-07-29,1016,77,hold,0
2025-07-29,1017,122,hold,0
2025-07-29,1018,16,hold,0
2025-07-29,1019,265,hold,0
2025-07-29,1020,28,hold,0
2025-07-29,1021,30,hold,0
2025-07-29,1022,67,hold,0
2025-07-29,1023,142,hold,0
2025-07-29,1024,127,hold,0
2025-07-29,1025,60,hold,0
2025-07-29,1026,195,hold,0
2025-07-29,1027,40,hold,0
2025-07-29,1028,108,hold,0
2025-07-29,1029,34,hold,0
2025-07-29,1030,128,hold,0
2025-07-30,1001,32,hold,0
2025-07-30,1002,48,hold,0
2025-07-30,1003,82,replenish,24
2025-07-30,1004,26,hold,0
2025-07-30,1005,51,hold,0
2025-07-30,1006,77,hold,0
2025-07-30,1007,19,hold,0
2025-07-30,1008,216,hold,0
2025-07-30,1009,57,hold,0
2025-07-30,1010,54,hold,0
2025-07-30,1011,94,hold,0
2025-07-30,1012,63,hold,0
2025-07-30,1013,53,hold,0
2025-07-30,1014,196,hold,0
2025-07-30,1015,74,hold,0
2025-07-30,1016,74,hold,0
2025-07-30,1017,119,hold,0
2025-07-30,1018,14,hold,0
2025-07-30,1019,265,hold,0
2025-07-30,1020,25,hold,0
2025-07-30,1021,30,hold,0
2025-07-30,1022,64,hold,0
2025-07-30,1023,139,hold,0
2025-07-30,1024,126,hold,0
2025-07-30,1025,55,hold,0
2025-07-30,1026,191,hold,0
2025-07-30,1027,37,hold,0
2025-07-30,1028,108,hold,0
2025-07-30,1029,32,hold,0
2025-07-30,1030,127,hold,0
